# Vandal Magazine | barrel -X up +Y | length=4u
mtllib Foresaken Vandal (White).mtl
g mag_body
v -0.168717 0.358092 -0.000103
v -0.155472 0.366052 -0.012508
v -0.155472 0.358081 -0.012508
v -0.144417 0.358073 -0.016529
v -0.144394 0.373753 -0.013483
v -0.024845 0.373752 -0.014234
v -0.004229 0.357923 -0.021318
v 0.106273 0.343401 -0.006758
v 0.121267 0.343401 0.024873
v 0.121267 0.343401 0.011606
v 0.106272 0.343401 0.043237
v 0.076589 0.343401 0.054352
v 0.076589 0.343401 -0.017913
v 0.049237 0.343401 0.056926
v 0.049237 0.343401 -0.022167
v 0.014686 0.343401 0.025605
v 0.014686 0.343401 0.056941
v 0.014686 0.343401 -0.022160
v -0.143795 0.343401 0.056941
v -0.173422 0.343401 0.030847
v -0.164744 0.343401 0.048263
v -0.173422 0.343401 0.025605
v -0.002838 0.358092 0.009386
v -0.004229 0.357923 -0.021318
v -0.166283 0.358092 0.009386
v -0.173422 0.343401 0.006653
v -0.168717 0.358092 -0.000103
v -0.024587 0.373752 -0.000575
v -0.024845 0.373752 -0.014234
v -0.144394 0.373753 -0.000575
v -0.155472 0.366052 -0.012508
v -0.144394 0.373753 -0.013483
v 0.132796 0.330985 0.018267
v 0.100277 0.370617 -0.014966
v 0.132024 0.369509 0.018267
v 0.103213 0.329960 -0.017087
v 0.134934 0.299209 0.018267
v 0.087997 0.326491 -0.030627
v 0.081137 0.372440 -0.022964
v 0.105862 0.300763 -0.017659
v 0.034305 0.351908 -0.035577
v 0.030693 0.383006 -0.023244
v 0.090880 0.301016 -0.031207
v 0.109980 0.272901 -0.017405
v 0.137790 0.268147 0.018267
v 0.095916 0.274829 -0.030839
v 0.116741 0.245600 -0.016700
v 0.142751 0.238179 0.018267
v 0.103958 0.248964 -0.029736
v 0.125387 0.221629 -0.014509
v 0.148916 0.213898 0.018267
v 0.114936 0.224833 -0.026202
v 0.134621 0.200131 -0.013154
v 0.159672 0.191805 0.018267
v 0.123351 0.208085 -0.021929
v 0.153352 0.181080 -0.015558
v 0.179525 0.168917 0.018267
v 0.129203 0.190236 -0.026590
v 0.111753 0.196945 -0.030224
v 0.154834 0.171440 -0.014766
v 0.182192 0.157133 0.018267
v 0.188443 0.150405 0.018267
v 0.131741 0.178928 -0.025751
v 0.159770 0.163538 -0.023108
v 0.163028 0.145249 -0.022391
v 0.190015 0.132057 0.018267
v 0.184175 0.127590 0.018267
v 0.135537 0.171897 -0.037906
v 0.137873 0.153162 -0.038715
v 0.157044 0.141902 -0.020619
v 0.169853 0.091586 -0.021567
v 0.193381 0.077698 0.018267
v 0.137031 0.149209 -0.033239
v 0.195293 0.032876 -0.021658
v 0.213722 0.027327 0.018267
v 0.149889 0.089703 -0.038654
v 0.173841 0.029818 -0.041316
v 0.238134 -0.033744 -0.021544
v 0.247908 -0.028863 0.018267
v 0.298381 -0.076043 0.018267
v 0.213402 -0.038515 -0.042195
v 0.286802 -0.091273 -0.021211
v 0.262143 -0.102262 -0.042776
v 0.340569 -0.141289 -0.017970
v 0.364009 -0.122884 0.018267
v 0.300932 -0.158103 -0.046744
v 0.243678 -0.113880 -0.034062
v 0.362061 -0.154448 -0.010815
v 0.384125 -0.142509 0.018267
v 0.198552 -0.045206 -0.034062
v 0.393756 -0.183770 -0.003143
v 0.415257 -0.179852 0.018267
v 0.159002 0.023181 -0.034062
v 0.364333 -0.179490 0.018267
v 0.361367 -0.184750 0.018267
v 0.386984 -0.194620 0.018267
v 0.345992 -0.176813 -0.029939
v 0.398175 -0.246496 0.018267
v 0.420260 -0.218029 0.005312
v 0.410897 -0.220600 0.018267
v 0.436549 -0.217036 0.018267
v 0.430194 -0.242582 0.018267
v 0.447224 -0.258949 0.018267
v 0.379281 -0.251204 -0.038570
v 0.320225 -0.236739 -0.054197
v 0.408103 -0.309187 -0.021258
v 0.422072 -0.306100 0.018267
v 0.439990 -0.363797 0.018267
v 0.323533 -0.293572 -0.055323
v 0.397256 -0.364856 -0.006966
v 0.420461 -0.374485 0.018267
v 0.400695 -0.387962 0.018267
v 0.363079 -0.371694 -0.025797
v 0.375191 -0.434981 0.018267
v 0.282786 -0.238372 -0.034101
v 0.332715 -0.411226 -0.035484
v 0.276676 -0.171869 -0.034062
v 0.317411 -0.461738 -0.035714
v 0.352426 -0.488513 0.018267
v 0.287024 -0.551218 -0.017158
v 0.306527 -0.564387 0.018267
v 0.252561 -0.638049 0.018267
v 0.285214 -0.455215 -0.051726
v 0.267774 -0.546745 -0.027646
v 0.249372 -0.557009 -0.013200
v 0.301869 -0.395011 -0.053373
v 0.242978 -0.493918 -0.032789
v 0.253587 -0.397440 -0.034907
v 0.315900 -0.346876 -0.054720
v 0.262016 -0.343434 -0.034107
v 0.273986 -0.291334 -0.034397
v 0.233374 -0.336418 -0.041641
v 0.244246 -0.282639 -0.042812
v 0.210047 -0.408892 -0.034074
v 0.251443 -0.227296 -0.042914
v 0.215817 -0.327750 -0.034229
v 0.217775 -0.280260 -0.034332
v 0.248127 -0.173923 -0.042866
v 0.218941 -0.214545 -0.035495
v 0.219693 -0.119161 -0.042855
v 0.217685 -0.179879 -0.035321
v 0.205879 -0.259030 -0.035086
v 0.177232 -0.049395 -0.042848
v 0.197936 -0.124840 -0.035242
v 0.197853 -0.219667 -0.042722
v 0.178496 -0.134566 -0.043053
v 0.156062 -0.053974 -0.035239
v 0.137892 0.021062 -0.042776
v 0.130480 0.085546 -0.034062
v 0.114794 0.019701 -0.035220
v 0.107489 0.088480 -0.042537
v 0.108428 0.152900 -0.034062
v 0.135761 -0.058687 -0.043099
v 0.109583 0.161664 -0.044404
v 0.111722 0.180770 -0.042444
v 0.082136 0.169989 -0.045352
v 0.110335 0.187863 -0.027690
v 0.083768 0.191478 -0.043120
v 0.083402 0.199264 -0.029945
v 0.080726 0.167858 -0.042027
v 0.053214 0.177654 -0.045143
v 0.081796 0.090503 -0.035172
v 0.052220 0.169817 -0.035084
v 0.093435 0.015946 -0.042897
v 0.059549 0.089538 -0.042422
v 0.027225 0.179146 -0.041512
v 0.037238 0.214084 -0.039861
v 0.027117 0.184573 -0.044680
v 0.003930 0.181397 -0.045329
v 0.002296 0.204909 -0.037111
v 0.009041 0.170798 -0.034909
v -0.051557 0.171887 -0.047108
v 0.035853 0.083979 -0.034900
v -0.048382 0.162766 -0.035067
v -0.044624 0.124796 -0.034384
v 0.066340 0.012481 -0.034900
v 0.006813 0.057473 -0.034871
v -0.078554 0.147129 -0.033512
v 0.113864 -0.067384 -0.034899
v -0.094698 0.153388 -0.037803
v -0.079456 0.075687 -0.040901
v -0.113460 0.114502 -0.036325
v -0.101555 0.161525 -0.047465
v -0.142560 0.137846 -0.032235
v -0.131212 0.094690 -0.027150
v -0.067302 0.192180 -0.037201
v -0.153032 0.145261 -0.040994
v -0.073628 0.230531 -0.041416
v -0.152868 0.133749 -0.023006
v -0.028194 0.268963 -0.033556
v -0.085145 0.213489 -0.040667
v 0.034558 0.224464 -0.029079
v -0.111163 0.180897 -0.037425
v 0.080309 0.216471 -0.032878
v 0.049264 0.243948 -0.033258
v 0.023255 0.278203 -0.033258
v -0.004110 0.321177 -0.033258
v -0.025968 0.371973 -0.033258
v -0.047577 0.408252 -0.008645
v -0.087579 0.346606 -0.035580
v -0.090423 0.371973 -0.033258
v -0.096470 0.408252 -0.008645
v -0.148067 0.371973 -0.033258
v -0.146764 0.408252 -0.008645
v -0.163005 0.389539 -0.007558
v -0.179085 0.375361 -0.003393
v -0.073495 0.278511 -0.039025
v -0.149069 0.340893 -0.033258
v -0.096015 0.243507 -0.035895
v -0.087427 0.281298 -0.035633
v -0.175293 0.337008 -0.006652
v -0.210537 0.366656 0.018267
v -0.201400 0.331195 0.018267
v -0.150875 0.289053 -0.032837
v -0.168956 0.285414 -0.006899
v -0.187151 0.281352 0.018267
v -0.153189 0.254793 -0.030733
v -0.166561 0.249445 -0.006540
v -0.180132 0.245434 0.018267
v -0.113475 0.213253 -0.036262
v -0.157714 0.226689 -0.027788
v -0.167670 0.218524 -0.005787
v -0.177820 0.213369 0.018267
v -0.166930 0.192268 -0.013879
v -0.170513 0.185982 -0.004398
v -0.177811 0.178024 0.018267
v -0.168582 0.156369 0.018267
v -0.161210 0.159637 -0.022344
v -0.173508 0.137375 0.018267
v -0.155102 0.162770 -0.031870
v -0.164323 0.140780 -0.030313
v -0.161761 0.132340 0.018267
v -0.144008 0.083561 -0.010081
v -0.116001 0.188233 -0.038806
v -0.148631 0.082358 0.018267
v -0.124236 0.022929 -0.015304
v -0.131162 0.019862 0.018267
v -0.105249 0.042126 -0.032689
v -0.092538 -0.059367 -0.018732
v -0.100820 -0.064887 0.018267
v -0.069296 -0.030573 -0.037291
v -0.039460 0.011166 -0.044021
v -0.049163 -0.148618 -0.018936
v -0.057400 -0.153042 0.018267
v -0.032331 -0.116893 -0.038631
v -0.005321 -0.091523 -0.044308
v 0.059667 -0.071119 -0.034892
v 0.035255 -0.186691 -0.044317
v 0.012967 -0.205953 -0.037635
v -0.007165 -0.221132 -0.017751
v -0.014743 -0.224507 0.018267
v 0.105101 -0.164151 -0.034911
v 0.047144 -0.296092 -0.011493
v 0.042445 -0.299420 0.018267
v 0.153400 -0.137552 -0.034899
v 0.151811 -0.169338 -0.034899
v 0.075107 -0.263630 -0.044318
v 0.139850 -0.240849 -0.035078
v 0.180456 -0.218909 -0.034899
v 0.180626 -0.311374 -0.034899
v 0.116098 -0.331686 -0.043884
v 0.168803 -0.401475 -0.040796
v 0.059422 -0.284039 -0.032304
v 0.105706 -0.350263 -0.028927
v 0.100064 -0.361531 -0.008936
v 0.097476 -0.364893 0.018267
v 0.144323 -0.415932 0.018267
v 0.162791 -0.416049 -0.026852
v 0.158466 -0.425131 -0.011641
v 0.162488 -0.469271 0.018267
v 0.211285 -0.452609 -0.037230
v 0.201429 -0.460204 -0.026921
v 0.229161 -0.488768 -0.026445
v 0.194392 -0.459336 -0.019394
v 0.173277 -0.469482 -0.019520
v 0.200919 -0.514112 -0.019289
v 0.193710 -0.522964 0.018267
v 0.224694 -0.564288 -0.005465
v 0.220615 -0.571906 0.018267
v 0.100277 0.370617 0.051500
v 0.132796 0.330985 0.018267
v 0.132024 0.369509 0.018267
v 0.103213 0.329960 0.053621
v 0.134934 0.299209 0.018267
v 0.087997 0.326491 0.067161
v 0.081137 0.372440 0.059498
v 0.105862 0.300763 0.054194
v 0.034305 0.351908 0.072111
v 0.030693 0.383006 0.059778
v 0.090880 0.301016 0.067741
v 0.109980 0.272901 0.053939
v 0.137790 0.268147 0.018267
v 0.095916 0.274829 0.067374
v 0.116741 0.245600 0.053234
v 0.142751 0.238179 0.018267
v 0.103958 0.248964 0.066270
v 0.125387 0.221629 0.051043
v 0.148916 0.213898 0.018267
v 0.114936 0.224833 0.062736
v 0.134621 0.200131 0.049688
v 0.159672 0.191805 0.018267
v 0.123351 0.208085 0.058464
v 0.153352 0.181080 0.052092
v 0.179525 0.168917 0.018267
v 0.129203 0.190236 0.063125
v 0.111753 0.196945 0.066758
v 0.154834 0.171440 0.051300
v 0.182192 0.157133 0.018267
v 0.188443 0.150405 0.018267
v 0.131741 0.178928 0.062285
v 0.159770 0.163538 0.059643
v 0.163028 0.145249 0.058925
v 0.190015 0.132057 0.018267
v 0.184175 0.127590 0.018267
v 0.135537 0.171897 0.074440
v 0.137873 0.153162 0.075249
v 0.157044 0.141902 0.057153
v 0.169853 0.091586 0.058102
v 0.193381 0.077698 0.018267
v 0.137031 0.149209 0.069774
v 0.195293 0.032876 0.058192
v 0.213722 0.027327 0.018267
v 0.149889 0.089703 0.075188
v 0.173841 0.029818 0.077850
v 0.238134 -0.033744 0.058078
v 0.247908 -0.028863 0.018267
v 0.298381 -0.076043 0.018267
v 0.213402 -0.038515 0.078729
v 0.286802 -0.091273 0.057745
v 0.262144 -0.102262 0.079311
v 0.340569 -0.141289 0.054504
v 0.364009 -0.122884 0.018267
v 0.300932 -0.158103 0.083278
v 0.243678 -0.113880 0.070596
v 0.362061 -0.154448 0.047349
v 0.384125 -0.142509 0.018267
v 0.198552 -0.045206 0.070596
v 0.393756 -0.183770 0.039678
v 0.415257 -0.179852 0.018267
v 0.159002 0.023181 0.070596
v 0.364333 -0.179490 0.018267
v 0.361367 -0.184750 0.018267
v 0.386984 -0.194620 0.018267
v 0.345992 -0.176813 0.066473
v 0.398175 -0.246496 0.018267
v 0.420260 -0.218029 0.031222
v 0.410897 -0.220600 0.018267
v 0.436549 -0.217036 0.018267
v 0.430194 -0.242582 0.018267
v 0.447224 -0.258949 0.018267
v 0.379281 -0.251204 0.075104
v 0.320225 -0.236739 0.090732
v 0.408103 -0.309187 0.057792
v 0.422072 -0.306100 0.018267
v 0.439990 -0.363797 0.018267
v 0.323533 -0.293572 0.091857
v 0.397256 -0.364856 0.043500
v 0.420461 -0.374485 0.018267
v 0.400695 -0.387962 0.018267
v 0.363079 -0.371694 0.062331
v 0.375191 -0.434981 0.018267
v 0.282786 -0.238372 0.070636
v 0.332715 -0.411226 0.072018
v 0.276676 -0.171869 0.070596
v 0.317411 -0.461738 0.072248
v 0.352426 -0.488513 0.018267
v 0.248127 -0.173923 0.079400
v 0.287024 -0.551218 0.053692
v 0.306527 -0.564387 0.018267
v 0.252561 -0.638049 0.018267
v 0.285214 -0.455215 0.088260
v 0.267774 -0.546745 0.064181
v 0.249372 -0.557009 0.049734
v 0.301869 -0.395011 0.089907
v 0.242978 -0.493918 0.069324
v 0.315900 -0.346876 0.091255
v 0.253587 -0.397440 0.071441
v 0.262016 -0.343434 0.070641
v 0.273986 -0.291334 0.070931
v 0.233374 -0.336418 0.078175
v 0.244246 -0.282639 0.079346
v 0.210047 -0.408892 0.070608
v 0.251443 -0.227296 0.079448
v 0.215817 -0.327750 0.070763
v 0.217775 -0.280260 0.070867
v 0.218941 -0.214545 0.072029
v 0.180626 -0.311374 0.071433
v 0.205879 -0.259030 0.071620
v 0.197853 -0.219667 0.079256
v 0.217685 -0.179879 0.071855
v 0.219693 -0.119161 0.079389
v 0.197936 -0.124840 0.071776
v 0.177232 -0.049395 0.079382
v 0.178496 -0.134566 0.079587
v 0.156062 -0.053974 0.071773
v 0.137892 0.021062 0.079310
v 0.130480 0.085546 0.070596
v 0.114794 0.019701 0.071754
v 0.107489 0.088480 0.079071
v 0.108428 0.152900 0.070596
v 0.135761 -0.058687 0.079634
v 0.081796 0.090503 0.071706
v 0.153400 -0.137552 0.071433
v 0.093435 0.015946 0.079432
v 0.113864 -0.067384 0.071433
v 0.151811 -0.169338 0.071433
v 0.105101 -0.164151 0.071446
v 0.180456 -0.218909 0.071433
v 0.139850 -0.240849 0.071612
v 0.116098 -0.331686 0.080418
v 0.075107 -0.263630 0.080853
v 0.168803 -0.401475 0.077330
v 0.059422 -0.284039 0.068838
v 0.211285 -0.452609 0.073764
v 0.105706 -0.350263 0.065461
v 0.162791 -0.416049 0.063386
v 0.229161 -0.488768 0.062980
v 0.201429 -0.460204 0.063455
v 0.200919 -0.514112 0.055824
v 0.194392 -0.459336 0.055928
v 0.158466 -0.425131 0.048176
v 0.100064 -0.361531 0.045470
v 0.173277 -0.469482 0.056054
v 0.162488 -0.469271 0.018267
v 0.144323 -0.415932 0.018267
v 0.193710 -0.522964 0.018267
v 0.097476 -0.364893 0.018267
v 0.042445 -0.299420 0.018267
v 0.224694 -0.564288 0.041999
v 0.220615 -0.571906 0.018267
v 0.047144 -0.296092 0.048027
v -0.014743 -0.224507 0.018267
v -0.007165 -0.221132 0.054286
v -0.057400 -0.153042 0.018267
v 0.012967 -0.205953 0.074169
v -0.049163 -0.148618 0.055470
v -0.100820 -0.064887 0.018267
v 0.035255 -0.186691 0.080851
v -0.032331 -0.116893 0.075165
v -0.092538 -0.059367 0.055266
v -0.131162 0.019862 0.018267
v -0.005321 -0.091523 0.080842
v -0.124236 0.022929 0.051838
v -0.148631 0.082358 0.018267
v -0.069296 -0.030573 0.073825
v -0.144008 0.083561 0.046615
v -0.161761 0.132340 0.018267
v -0.105249 0.042126 0.069223
v -0.039460 0.011166 0.080555
v 0.059667 -0.071119 0.071426
v 0.066340 0.012481 0.071434
v 0.006813 0.057473 0.071405
v -0.079456 0.075687 0.077436
v 0.059549 0.089538 0.078956
v 0.035853 0.083979 0.071434
v -0.044624 0.124796 0.070918
v 0.009041 0.170798 0.071443
v 0.052220 0.169817 0.071619
v -0.078554 0.147129 0.070046
v 0.027225 0.179146 0.078046
v 0.080726 0.167858 0.078562
v 0.053214 0.177654 0.081678
v 0.082136 0.169989 0.081886
v 0.109583 0.161664 0.080938
v 0.111722 0.180770 0.078978
v 0.083768 0.191478 0.079654
v 0.110335 0.187863 0.064224
v 0.083402 0.199264 0.066479
v 0.037238 0.214084 0.076395
v 0.080309 0.216471 0.069412
v 0.034558 0.224464 0.065614
v 0.049264 0.243948 0.069792
v 0.023255 0.278203 0.069792
v -0.028194 0.268963 0.070090
v -0.004110 0.321177 0.069792
v -0.025968 0.371973 0.069792
v -0.047577 0.408252 0.045179
v -0.087579 0.346606 0.072114
v -0.090423 0.371973 0.069792
v -0.096470 0.408252 0.045179
v -0.148067 0.371973 0.069792
v -0.146764 0.408252 0.045179
v -0.163005 0.389539 0.044092
v -0.179084 0.375361 0.039927
v -0.175293 0.337008 0.043186
v -0.210537 0.366656 0.018267
v -0.201400 0.331195 0.018267
v -0.149069 0.340893 0.069792
v -0.168956 0.285414 0.043434
v -0.187151 0.281352 0.018267
v -0.150875 0.289053 0.069371
v -0.087427 0.281298 0.072167
v -0.166561 0.249445 0.043074
v -0.180132 0.245434 0.018267
v -0.153189 0.254793 0.067267
v -0.167670 0.218524 0.042321
v -0.177820 0.213369 0.018267
v -0.157713 0.226689 0.064322
v -0.170513 0.185982 0.040932
v -0.177811 0.178024 0.018267
v -0.168582 0.156369 0.018267
v -0.166930 0.192268 0.050413
v -0.161210 0.159637 0.058879
v -0.173508 0.137375 0.018267
v -0.113475 0.213253 0.072796
v -0.155102 0.162770 0.068405
v -0.164323 0.140780 0.066847
v -0.152868 0.133749 0.059540
v -0.153032 0.145261 0.077528
v -0.131212 0.094690 0.063684
v -0.142560 0.137846 0.068769
v -0.113460 0.114502 0.072859
v -0.101555 0.161525 0.084000
v -0.094698 0.153388 0.074337
v -0.048382 0.162766 0.071602
v -0.051557 0.171887 0.083642
v 0.003930 0.181397 0.081863
v -0.067302 0.192180 0.073735
v 0.027117 0.184573 0.081214
v 0.002296 0.204909 0.073646
v -0.111163 0.180897 0.073960
v -0.073628 0.230531 0.077950
v -0.116001 0.188233 0.075340
v -0.085145 0.213489 0.077201
v -0.096015 0.243507 0.072429
v -0.073495 0.278511 0.075559
v -0.175152 0.366656 0.018267
v -0.179085 0.375361 -0.003393
v -0.210537 0.366656 0.018267
v -0.169007 0.350394 -0.002904
v -0.173682 0.342798 0.018267
v -0.167081 0.373348 0.000288
v -0.163005 0.389539 -0.007558
v -0.162684 0.358604 -0.012425
v -0.157096 0.386093 -0.002850
v -0.152478 0.358690 -0.019239
v -0.144366 0.403176 -0.003287
v -0.146764 0.408252 -0.008645
v -0.096572 0.358690 -0.022363
v -0.096470 0.408252 -0.008645
v -0.096572 0.403230 -0.003236
v -0.047548 0.403228 -0.003237
v -0.037644 0.358690 -0.022374
v -0.047577 0.408252 -0.008645
v 0.029952 0.381249 -0.016861
v 0.012972 0.339689 -0.019483
v 0.030693 0.383006 -0.023244
v 0.078444 0.339689 -0.017478
v 0.078444 0.371234 -0.016963
v 0.081137 0.372440 -0.022964
v 0.096370 0.368945 -0.009928
v 0.096370 0.339689 -0.009992
v 0.100277 0.370617 -0.014966
v 0.122025 0.367091 0.018267
v 0.122025 0.339689 0.018267
v 0.132024 0.369509 0.018267
v -0.175152 0.366656 0.018267
v -0.210537 0.366656 0.018267
v -0.179084 0.375361 0.039927
v -0.169007 0.341067 0.039438
v -0.173682 0.342798 0.018267
v -0.167081 0.373348 0.036246
v -0.163005 0.389539 0.044092
v -0.162684 0.340464 0.048959
v -0.157096 0.386093 0.039384
v -0.152478 0.340131 0.055773
v -0.144366 0.403176 0.039821
v -0.146764 0.408252 0.045179
v -0.096572 0.340131 0.058897
v -0.096470 0.408252 0.045179
v -0.096572 0.403230 0.039770
v -0.047548 0.403228 0.039771
v -0.037644 0.340131 0.058909
v -0.047577 0.408252 0.045179
v 0.029952 0.381249 0.053395
v 0.012972 0.339689 0.056017
v 0.030693 0.383006 0.059778
v 0.078444 0.339689 0.054013
v 0.078444 0.371234 0.053497
v 0.081137 0.372440 0.059498
v 0.096370 0.368945 0.046462
v 0.096370 0.339689 0.046526
v 0.100277 0.370617 0.051500
v 0.122025 0.367091 0.018267
v 0.122025 0.339689 0.018267
v 0.132024 0.369509 0.018267
vt 0.2939453125 0.3173828125
vt 0.28515625 0.3212890625
vt 0.28515625 0.3173828125
vt 0.27978515625 0.3173828125
vt 0.27978515625 0.32568359375
vt 0.2225341796875 0.32568359375
vt 0.2125244140625 0.3173828125
vt 0.005947113037109375 0.333984375
vt 0.004146575927734375 0.33935546875
vt 0.00390625 0.33740234375
vt 0.006717681884765625 0.341796875
vt 0.01141357421875 0.34326171875
vt 0.01041412353515625 0.33203125
vt 0.01561737060546875 0.34326171875
vt 0.01464080810546875 0.33056640625
vt 0.0206756591796875 0.33837890625
vt 0.0207672119140625 0.34326171875
vt 0.0199737548828125 0.33056640625
vt 0.04559326171875 0.34326171875
vt 0.050262451171875 0.33935546875
vt 0.048858642578125 0.34228515625
vt 0.050262451171875 0.3388671875
vt 0.023834228515625 0.33544921875
vt 0.0234222412109375 0.33056640625
vt 0.04913330078125 0.33544921875
vt 0.05157470703125 0.3359375
vt 0.049896240234375 0.333984375
vt 0.027435302734375 0.33251953125
vt 0.02734375 0.33056640625
vt 0.045684814453125 0.33251953125
vt 0.048126220703125 0.33154296875
vt 0.045867919921875 0.33056640625
vt 0.84423828125 0.3642578125
vt 0.8623046875 0.380859375
vt 0.84423828125 0.37939453125
vt 0.86279296875 0.365234375
vt 0.84423828125 0.3515625
vt 0.87060546875 0.36474609375
vt 0.87060546875 0.3828125
vt 0.86279296875 0.353515625
vt 0.890625 0.37841796875
vt 0.89013671875 0.3916015625
vt 0.87060546875 0.35498046875
vt 0.8623046875 0.34228515625
vt 0.84423828125 0.33837890625
vt 0.8701171875 0.34423828125
vt 0.86181640625 0.3310546875
vt 0.84423828125 0.32568359375
vt 0.86865234375 0.33349609375
vt 0.85986328125 0.32080078125
vt 0.84423828125 0.314453125
vt 0.8662109375 0.3232421875
vt 0.85888671875 0.31103515625
vt 0.84423828125 0.30419921875
vt 0.86376953125 0.3154296875
vt 0.857421875 0.30029296875
vt 0.84423828125 0.2919921875
vt 0.865234375 0.3076171875
vt 0.87109375 0.3125
vt 0.85791015625 0.29638671875
vt 0.84423828125 0.287109375
vt 0.84423828125 0.283203125
vt 0.86572265625 0.302734375
vt 0.85986328125 0.2919921875
vt 0.8603515625 0.2841796875
vt 0.84423828125 0.27587890625
vt 0.84423828125 0.2734375
vt 0.8681640625 0.2978515625
vt 0.86962890625 0.2900390625
vt 0.86181640625 0.2822265625
vt 0.861328125 0.26025390625
vt 0.84423828125 0.25146484375
vt 0.8701171875 0.28759765625
vt 0.86083984375 0.23291015625
vt 0.84423828125 0.2275390625
vt 0.87158203125 0.26220703125
vt 0.87158203125 0.23583984375
vt 0.85986328125 0.19970703125
vt 0.84423828125 0.19921875
vt 0.84423828125 0.17138671875
vt 0.87109375 0.203125
vt 0.8583984375 0.16845703125
vt 0.8701171875 0.17041015625
vt 0.85009765625 0.13818359375
vt 0.83251953125 0.14306640625
vt 0.86962890625 0.14306640625
vt 0.87841796875 0.1708984375
vt 0.841796875 0.13037109375
vt 0.82763671875 0.134765625
vt 0.8779296875 0.20361328125
vt 0.82958984375 0.11767578125
vt 0.818359375 0.11962890625
vt 0.87841796875 0.23583984375
vt 0.841796875 0.115234375
vt 0.84375 0.1142578125
vt 0.83447265625 0.10986328125
vt 0.859375 0.1259765625
vt 0.8486328125 0.0869140625
vt 0.8193359375 0.1044921875
vt 0.82421875 0.10107421875
vt 0.8115234375 0.10498046875
vt 0.81591796875 0.09423828125
vt 0.80859375 0.0888671875
vt 0.86865234375 0.095703125
vt 0.8828125 0.11376953125
vt 0.8720703125 0.07080078125
vt 0.8583984375 0.06298828125
vt 0.8701171875 0.04296875
vt 0.89453125 0.09619140625
vt 0.88525390625 0.0537109375
vt 0.87890625 0.0419921875
vt 0.8876953125 0.04052734375
vt 0.8984375 0.060546875
vt 0.90576171875 0.03173828125
vt 0.89501953125 0.123046875
vt 0.91650390625 0.056640625
vt 0.88134765625 0.14453125
vt 0.93310546875 0.0458984375
vt 0.92578125 0.0205078125
vt 0.9619140625 0.025390625
vt 0.95849609375 0.009765625
vt 0.994140625 0.00537109375
vt 0.94091796875 0.05615234375
vt 0.96630859375 0.0322265625
vt 0.9755859375 0.03271484375
vt 0.9228515625 0.06982421875
vt 0.962890625 0.0537109375
vt 0.93896484375 0.0810546875
vt 0.908203125 0.0810546875
vt 0.92431640625 0.09521484375
vt 0.9091796875 0.1083984375
vt 0.931640625 0.10400390625
vt 0.916015625 0.1181640625
vt 0.95458984375 0.0869140625
vt 0.90185546875 0.13330078125
vt 0.93505859375 0.1103515625
vt 0.923828125 0.12451171875
vt 0.890625 0.15087890625
vt 0.90869140625 0.14453125
vt 0.88720703125 0.17431640625
vt 0.9013671875 0.15576171875
vt 0.92236328125 0.13330078125
vt 0.88623046875 0.20654296875
vt 0.8955078125 0.17724609375
vt 0.916015625 0.1474609375
vt 0.90380859375 0.17822265625
vt 0.89404296875 0.208984375
vt 0.88623046875 0.23876953125
vt 0.87939453125 0.263671875
vt 0.89501953125 0.24169921875
vt 0.8876953125 0.26806640625
vt 0.8798828125 0.2919921875
vt 0.90234375 0.21142578125
vt 0.87841796875 0.296875
vt 0.87548828125 0.3037109375
vt 0.88720703125 0.302734375
vt 0.87255859375 0.30908203125
vt 0.88427734375 0.31103515625
vt 0.88134765625 0.31640625
vt 0.88818359375 0.3017578125
vt 0.896484375 0.3095703125
vt 0.89697265625 0.27294921875
vt 0.8984375 0.3056640625
vt 0.9033203125 0.244140625
vt 0.9052734375 0.275390625
vt 0.90673828125 0.3125
vt 0.8994140625 0.3251953125
vt 0.90625 0.31494140625
vt 0.9150390625 0.31689453125
vt 0.9130859375 0.326171875
vt 0.91455078125 0.31103515625
vt 0.9365234375 0.31982421875
vt 0.91455078125 0.27685546875
vt 0.9365234375 0.314453125
vt 0.9384765625 0.30078125
vt 0.91357421875 0.24755859375
vt 0.927734375 0.271484375
vt 0.94873046875 0.31201171875
vt 0.9111328125 0.21240234375
vt 0.95361328125 0.31640625
vt 0.95654296875 0.2880859375
vt 0.96484375 0.3046875
vt 0.955078125 0.3212890625
vt 0.97216796875 0.3154296875
vt 0.97412109375 0.30029296875
vt 0.9404296875 0.3291015625
vt 0.9736328125 0.3203125
vt 0.93994140625 0.34375
vt 0.97802734375 0.31494140625
vt 0.91943359375 0.35302734375
vt 0.94580078125 0.3388671875
vt 0.89794921875 0.33056640625
vt 0.95751953125 0.32958984375
vt 0.880859375 0.3232421875
vt 0.890625 0.3369140625
vt 0.89892578125 0.35205078125
vt 0.9072265625 0.3701171875
vt 0.9130859375 0.390625
vt 0.91943359375 0.4091796875
vt 0.9384765625 0.38623046875
vt 0.9384765625 0.3955078125
vt 0.93896484375 0.412109375
vt 0.9609375 0.39892578125
vt 0.95947265625 0.4150390625
vt 0.96826171875 0.4091796875
vt 0.97705078125 0.40478515625
vt 0.93701171875 0.3603515625
vt 0.96337890625 0.38818359375
vt 0.9482421875 0.35009765625
vt 0.9423828125 0.36279296875
vt 0.97900390625 0.39013671875
vt 0.994140625 0.40478515625
vt 0.994140625 0.390625
vt 0.9677734375 0.3701171875
vt 0.98095703125 0.37109375
vt 0.994140625 0.37109375
vt 0.970703125 0.3583984375
vt 0.98193359375 0.3583984375
vt 0.994140625 0.35791015625
vt 0.95654296875 0.34130859375
vt 0.9736328125 0.34912109375
vt 0.9833984375 0.34716796875
vt 0.994140625 0.34619140625
vt 0.98095703125 0.337890625
vt 0.9853515625 0.33642578125
vt 0.994140625 0.33447265625
vt 0.994140625 0.326171875
vt 0.97900390625 0.32666015625
vt 0.994140625 0.3193359375
vt 0.974609375 0.32666015625
vt 0.97802734375 0.31982421875
vt 0.994140625 0.31494140625
vt 0.98291015625 0.2978515625
vt 0.958984375 0.33251953125
vt 0.994140625 0.2978515625
vt 0.98095703125 0.2763671875
vt 0.994140625 0.2763671875
vt 0.97021484375 0.2802734375
vt 0.97998046875 0.2470703125
vt 0.994140625 0.24658203125
vt 0.96630859375 0.2529296875
vt 0.9501953125 0.26220703125
vt 0.97998046875 0.2138671875
vt 0.994140625 0.2138671875
vt 0.96728515625 0.220703125
vt 0.9541015625 0.224609375
vt 0.92919921875 0.220703125
vt 0.95849609375 0.1884765625
vt 0.96923828125 0.1865234375
vt 0.98095703125 0.18603515625
vt 0.994140625 0.18603515625
vt 0.9326171875 0.1826171875
vt 0.98291015625 0.15380859375
vt 0.994140625 0.15380859375
vt 0.91259765625 0.18212890625
vt 0.91943359375 0.17236328125
vt 0.962890625 0.15771484375
vt 0.9384765625 0.15234375
vt 0.921875 0.1513671875
vt 0.94189453125 0.12255859375
vt 0.9658203125 0.12939453125
vt 0.96630859375 0.09814453125
vt 0.97265625 0.1552734375
vt 0.97509765625 0.12646484375
vt 0.98388671875 0.1240234375
vt 0.994140625 0.12353515625
vt 0.994140625 0.09765625
vt 0.9736328125 0.0947265625
vt 0.98095703125 0.09228515625
vt 0.994140625 0.0771484375
vt 0.96337890625 0.07373046875
vt 0.96923828125 0.0732421875
vt 0.966796875 0.05859375
vt 0.97265625 0.07470703125
vt 0.98046875 0.07470703125
vt 0.97998046875 0.0556640625
vt 0.994140625 0.05419921875
vt 0.98486328125 0.03515625
vt 0.994140625 0.033203125
vt 1.8623046875 0.380859375
vt 1.84375 0.3642578125
vt 1.84375 0.37939453125
vt 1.8623046875 0.365234375
vt 1.84375 0.3515625
vt 1.8701171875 0.36474609375
vt 1.8701171875 0.3828125
vt 1.8623046875 0.353515625
vt 1.890625 0.37841796875
vt 1.8896484375 0.3916015625
vt 1.8701171875 0.35498046875
vt 1.8623046875 0.34228515625
vt 1.84375 0.33837890625
vt 1.8701171875 0.34423828125
vt 1.861328125 0.3310546875
vt 1.84375 0.32568359375
vt 1.8681640625 0.33349609375
vt 1.859375 0.32080078125
vt 1.84375 0.314453125
vt 1.8662109375 0.3232421875
vt 1.8583984375 0.31103515625
vt 1.84375 0.30419921875
vt 1.86328125 0.3154296875
vt 1.857421875 0.30029296875
vt 1.84375 0.2919921875
vt 1.865234375 0.3076171875
vt 1.87109375 0.3125
vt 1.857421875 0.29638671875
vt 1.84375 0.287109375
vt 1.84375 0.283203125
vt 1.865234375 0.302734375
vt 1.859375 0.2919921875
vt 1.8603515625 0.2841796875
vt 1.84375 0.27587890625
vt 1.84375 0.2734375
vt 1.8681640625 0.2978515625
vt 1.869140625 0.2900390625
vt 1.861328125 0.2822265625
vt 1.861328125 0.26025390625
vt 1.84375 0.25146484375
vt 1.8701171875 0.28759765625
vt 1.8603515625 0.23291015625
vt 1.84375 0.2275390625
vt 1.87109375 0.26220703125
vt 1.87109375 0.23583984375
vt 1.859375 0.19970703125
vt 1.84375 0.19921875
vt 1.84375 0.17138671875
vt 1.87109375 0.203125
vt 1.8583984375 0.16845703125
vt 1.8701171875 0.17041015625
vt 1.849609375 0.13818359375
vt 1.83203125 0.14306640625
vt 1.869140625 0.14306640625
vt 1.8779296875 0.1708984375
vt 1.841796875 0.13037109375
vt 1.8271484375 0.134765625
vt 1.8779296875 0.20361328125
vt 1.8291015625 0.11767578125
vt 1.818359375 0.11962890625
vt 1.8779296875 0.23583984375
vt 1.841796875 0.115234375
vt 1.84375 0.1142578125
vt 1.833984375 0.10986328125
vt 1.859375 0.1259765625
vt 1.8486328125 0.0869140625
vt 1.8193359375 0.1044921875
vt 1.82421875 0.10107421875
vt 1.8115234375 0.10498046875
vt 1.8154296875 0.09423828125
vt 1.80859375 0.0888671875
vt 1.8681640625 0.095703125
vt 1.8828125 0.11376953125
vt 1.8720703125 0.07080078125
vt 1.8583984375 0.06298828125
vt 1.8701171875 0.04296875
vt 1.89453125 0.09619140625
vt 1.884765625 0.0537109375
vt 1.87890625 0.0419921875
vt 1.8876953125 0.04052734375
vt 1.8984375 0.060546875
vt 1.9052734375 0.03173828125
vt 1.89453125 0.123046875
vt 1.916015625 0.056640625
vt 1.880859375 0.14453125
vt 1.9326171875 0.0458984375
vt 1.92578125 0.0205078125
vt 1.890625 0.15087890625
vt 1.9619140625 0.025390625
vt 1.9580078125 0.009765625
vt 1.994140625 0.00537109375
vt 1.9404296875 0.05615234375
vt 1.9658203125 0.0322265625
vt 1.9755859375 0.03271484375
vt 1.9228515625 0.06982421875
vt 1.962890625 0.0537109375
vt 1.908203125 0.0810546875
vt 1.9384765625 0.0810546875
vt 1.923828125 0.09521484375
vt 1.9091796875 0.1083984375
vt 1.931640625 0.10400390625
vt 1.916015625 0.1181640625
vt 1.9541015625 0.0869140625
vt 1.9013671875 0.13330078125
vt 1.9345703125 0.1103515625
vt 1.923828125 0.12451171875
vt 1.908203125 0.14453125
vt 1.94140625 0.12255859375
vt 1.921875 0.13330078125
vt 1.916015625 0.1474609375
vt 1.9013671875 0.15576171875
vt 1.88671875 0.17431640625
vt 1.8955078125 0.17724609375
vt 1.8857421875 0.20654296875
vt 1.9033203125 0.17822265625
vt 1.8935546875 0.208984375
vt 1.8857421875 0.23876953125
vt 1.87890625 0.263671875
vt 1.89453125 0.24169921875
vt 1.8876953125 0.26806640625
vt 1.8798828125 0.2919921875
vt 1.90234375 0.21142578125
vt 1.896484375 0.27294921875
vt 1.912109375 0.18212890625
vt 1.9033203125 0.244140625
vt 1.9111328125 0.21240234375
vt 1.9189453125 0.17236328125
vt 1.9326171875 0.1826171875
vt 1.921875 0.1513671875
vt 1.9384765625 0.15234375
vt 1.9658203125 0.12939453125
vt 1.962890625 0.15771484375
vt 1.9658203125 0.09814453125
vt 1.97265625 0.1552734375
vt 1.962890625 0.07373046875
vt 1.974609375 0.12646484375
vt 1.9736328125 0.0947265625
vt 1.966796875 0.05859375
vt 1.96875 0.0732421875
vt 1.9794921875 0.0556640625
vt 1.97265625 0.07470703125
vt 1.98046875 0.09228515625
vt 1.9833984375 0.1240234375
vt 1.98046875 0.07470703125
vt 1.994140625 0.0771484375
vt 1.994140625 0.09765625
vt 1.994140625 0.05419921875
vt 1.994140625 0.12353515625
vt 1.994140625 0.15380859375
vt 1.984375 0.03515625
vt 1.994140625 0.033203125
vt 1.982421875 0.15380859375
vt 1.994140625 0.18603515625
vt 1.98046875 0.18603515625
vt 1.994140625 0.2138671875
vt 1.96875 0.1865234375
vt 1.9794921875 0.2138671875
vt 1.994140625 0.24658203125
vt 1.9580078125 0.1884765625
vt 1.966796875 0.220703125
vt 1.9794921875 0.2470703125
vt 1.994140625 0.2763671875
vt 1.9541015625 0.224609375
vt 1.98046875 0.2763671875
vt 1.994140625 0.2978515625
vt 1.9658203125 0.2529296875
vt 1.982421875 0.2978515625
vt 1.994140625 0.31494140625
vt 1.9697265625 0.2802734375
vt 1.9501953125 0.26220703125
vt 1.9287109375 0.220703125
vt 1.9130859375 0.24755859375
vt 1.927734375 0.271484375
vt 1.9560546875 0.2880859375
vt 1.9052734375 0.275390625
vt 1.9140625 0.27685546875
vt 1.9384765625 0.30078125
vt 1.9140625 0.31103515625
vt 1.8984375 0.3056640625
vt 1.9482421875 0.31201171875
vt 1.90625 0.3125
vt 1.8876953125 0.3017578125
vt 1.896484375 0.3095703125
vt 1.88671875 0.302734375
vt 1.8779296875 0.296875
vt 1.875 0.3037109375
vt 1.8837890625 0.31103515625
vt 1.8720703125 0.30908203125
vt 1.880859375 0.31640625
vt 1.8994140625 0.3251953125
vt 1.880859375 0.3232421875
vt 1.8974609375 0.33056640625
vt 1.890625 0.3369140625
vt 1.8984375 0.35205078125
vt 1.9189453125 0.35302734375
vt 1.9072265625 0.3701171875
vt 1.9130859375 0.390625
vt 1.9189453125 0.4091796875
vt 1.9384765625 0.38623046875
vt 1.9384765625 0.3955078125
vt 1.9384765625 0.412109375
vt 1.9609375 0.39892578125
vt 1.958984375 0.4150390625
vt 1.9677734375 0.4091796875
vt 1.9765625 0.40478515625
vt 1.978515625 0.39013671875
vt 1.994140625 0.40478515625
vt 1.994140625 0.390625
vt 1.962890625 0.38818359375
vt 1.98046875 0.37109375
vt 1.994140625 0.37109375
vt 1.9677734375 0.3701171875
vt 1.9423828125 0.36279296875
vt 1.9814453125 0.3583984375
vt 1.994140625 0.35791015625
vt 1.970703125 0.3583984375
vt 1.9833984375 0.34716796875
vt 1.994140625 0.34619140625
vt 1.9736328125 0.34912109375
vt 1.9853515625 0.33642578125
vt 1.994140625 0.33447265625
vt 1.994140625 0.326171875
vt 1.98046875 0.337890625
vt 1.978515625 0.32666015625
vt 1.994140625 0.3193359375
vt 1.9560546875 0.34130859375
vt 1.974609375 0.32666015625
vt 1.9775390625 0.31982421875
vt 1.9775390625 0.31494140625
vt 1.9736328125 0.3203125
vt 1.9736328125 0.30029296875
vt 1.9716796875 0.3154296875
vt 1.96484375 0.3046875
vt 1.955078125 0.3212890625
vt 1.953125 0.31640625
vt 1.9365234375 0.314453125
vt 1.9365234375 0.31982421875
vt 1.9150390625 0.31689453125
vt 1.9404296875 0.3291015625
vt 1.90625 0.31494140625
vt 1.9130859375 0.326171875
vt 1.95703125 0.32958984375
vt 1.939453125 0.34375
vt 1.958984375 0.33251953125
vt 1.9453125 0.3388671875
vt 1.9482421875 0.35009765625
vt 1.9365234375 0.3603515625
vt 0.865234375 0.4296875
vt 0.869140625 0.43701171875
vt 0.85498046875 0.4365234375
vt 0.87255859375 0.42431640625
vt 0.865234375 0.421875
vt 0.873046875 0.43359375
vt 0.8759765625 0.43994140625
vt 0.87646484375 0.4267578125
vt 0.8779296875 0.4375
vt 0.880859375 0.42578125
vt 0.8837890625 0.443359375
vt 0.8828125 0.4462890625
vt 0.90185546875 0.4248046875
vt 0.9013671875 0.4462890625
vt 0.9013671875 0.443359375
vt 0.91943359375 0.443359375
vt 0.9248046875 0.42578125
vt 0.91943359375 0.4462890625
vt 0.94921875 0.43798828125
vt 0.94482421875 0.421875
vt 0.94970703125 0.4404296875
vt 0.96875 0.42431640625
vt 0.9677734375 0.43603515625
vt 0.96875 0.4384765625
vt 0.9755859375 0.435546875
vt 0.97607421875 0.42431640625
vt 0.9755859375 0.43798828125
vt 0.98974609375 0.43505859375
vt 0.98974609375 0.4248046875
vt 0.99267578125 0.43798828125
vt 1.865234375 0.4296875
vt 1.8544921875 0.4365234375
vt 1.869140625 0.43701171875
vt 1.8720703125 0.4208984375
vt 1.865234375 0.421875
vt 1.873046875 0.43359375
vt 1.8759765625 0.43994140625
vt 1.875 0.419921875
vt 1.8779296875 0.4375
vt 1.8798828125 0.41943359375
vt 1.8837890625 0.443359375
vt 1.8828125 0.4462890625
vt 1.9013671875 0.419921875
vt 1.9013671875 0.4462890625
vt 1.9013671875 0.443359375
vt 1.9189453125 0.443359375
vt 1.9248046875 0.419921875
vt 1.9189453125 0.4462890625
vt 1.94921875 0.43798828125
vt 1.9443359375 0.421875
vt 1.94921875 0.4404296875
vt 1.96875 0.42431640625
vt 1.9677734375 0.43603515625
vt 1.96875 0.4384765625
vt 1.9755859375 0.435546875
vt 1.9755859375 0.42431640625
vt 1.9755859375 0.43798828125
vt 1.9892578125 0.43505859375
vt 1.9892578125 0.4248046875
vt 1.9921875 0.43798828125
vn -0.6831571154457348 0 -0.7302714259889009
vn -0.3547268163034695 0.09459381470069277 -0.9301725087399517
vn -0.4172581725060266 0.07872795299987602 -0.9053714855756063
vn -0.023630105123240267 0.2756845591502547 -0.9609576691915176
vn -0.02357823183609469 0.28293876713197413 -0.958848121986648
vn -0.02370301348434333 0.2923371600980837 -0.9560215227585352
vn -0.02370301348434333 0.2923371600980837 -0.9560215227585352
vn 0 1 0
vn 0 1 0
vn 0 1 0
vn 0 1 0
vn 0 1 0
vn 0 1 0
vn 0 1 0
vn 0 1 0
vn 0.0236132653655266 0.9917571192750845 0.12593740534870082
vn 0 1 0
vn 0.18096216189748893 0.9834900589031833 0
vn 0 1 0
vn 0 1 0
vn 0 1 0
vn -0.007895584700716954 0.9316789574316997 0.3631968887823997
vn 0.13349047134590267 0.7852380772590706 0.6046333236618094
vn 0.6149553206654605 0.7884042878298932 -0.01576808538406886
vn -0.07087272916885325 0.732351594349466 0.6772283208150363
vn -0.9059050487526092 0.4175040954900239 0.07089691737720107
vn -0.6779012576874485 0.7330793079256629 0.05517801298530869
vn 0.07909402789937907 0.7830308613026906 0.6169333878128324
vn 0.18096216189748893 0.9834900589031833 0
vn -0.023633039147144028 0.7562572527086089 0.6538474188878448
vn -0.5452714031131096 0.8376633624383352 0.0316099379240662
vn -0.02361545912878236 0.9997211161569693 0
vn 0.7556244911318605 0.04722653069574128 -0.6533003009337751
vn 0.6720889969902676 0.0869762322559217 -0.7353444873983758
vn 0.744417190717204 0.04701582339509804 -0.6660574738828373
vn 0.7009612870047939 0.0787596920716456 -0.7088372062930688
vn 0.779672594205551 0.07087932268200628 -0.6221629750000609
vn 0.18076087511282826 0.04715500765961582 -0.9823960053262971
vn 0.2370079447421638 0.24490821304384042 -0.9401314808646545
vn 0.7472674454692718 0.07079375163922579 -0.6607417117684281
vn 0.05521232904943533 0.15774951156981523 -0.9859344249596023
vn 0.07872795299987602 0.4172581725060266 -0.9053714855756063
vn 0.13370912469530022 0 -0.9910206203572237
vn 0.7652993912493977 0.12623494068774707 -0.6311747630433764
vn 0.7934819358609828 0.1178438648437318 -0.5970755739276219
vn 0.1579116939158718 0.03158233803811627 -0.9869480497212944
vn 0.7800839325742426 0.18123162671973794 -0.5988523654591523
vn 0.8058521370680557 0.1896122745577362 -0.5609362873980336
vn 0.21251938388890695 0.04722653099485391 -0.9760149416077972
vn 0.7889684413193389 0.25246989645381684 -0.5601676088339381
vn 0.7970069595169168 0.2919728737023719 -0.5287076200543912
vn 0.3310680675169628 0.10247345230785251 -0.9380261863310076
vn 0.723714292859932 0.4719875848914622 -0.5034534159369397
vn 0.7239831688394756 0.5665954819754855 -0.393469097950676
vn 0.5830206923295894 0.2757529939098188 -0.7642297813258113
vn 0.701091754607316 0.49627842667434596 -0.5120332751289423
vn 0.7744434573350529 0.41883168151508765 -0.47414908409715834
vn 0.44165740875841114 0.22871544222476703 -0.8675413418256994
vn 0.16567304985675493 -0.007889192894670355 -0.9861491779576922
vn 0.7009612685394069 0.4883101005333305 -0.5198139529916006
vn 0.7555542610289111 0.5351842657452852 -0.37777713051445555
vn 0.8352673452031107 0.23639641142486115 -0.4964324714427888
vn 0.45574729732953956 0.5971861363508132 -0.6600478160915377
vn 0.7175817274192536 0.3548481059830708 -0.5992989956225752
vn 0.7329654497467597 -0.1182202388772903 -0.6699146397842988
vn 0.7899524853551916 -0.15799049111057362 -0.5924644087198789
vn 0.8506310690078224 0.07876213933061178 -0.5198300778587888
vn 0.4251968621472238 0.4173228500447986 -0.8031495920752505
vn 0.32366852538506097 -0.20525320467782182 -0.9236394359513588
vn 0.7323515897246148 0.07087273208606598 -0.6772283255110395
vn 0.7722522590400641 0.2521640053847003 -0.5831292848038612
vn 0.8588803350247691 0.3073057893523691 -0.40974104253571875
vn 0.1499740344650064 -0.06314695795864485 -0.9866712981975598
vn 0.7541308641604012 0.3927765004425526 -0.5263204921155815
vn 0.8348527461704498 0.456806204982693 -0.3071627960886025
vn 0.2447631047717936 0.11053817658889326 -0.9632613010283734
vn 0.23687491714481468 0.12633328616366882 -0.9632913237617817
vn 0.6775645328139308 0.5121127601711545 -0.5278700832046851
vn 0.7486816186618713 0.5831836105224116 -0.31523437359508283
vn 0.6124101904211655 0.6516672363339748 -0.44753052606179944
vn 0.2208905386977132 0.1577789647276016 -0.9624516446052342
vn 0.5605515283693349 0.5447613637801542 -0.6237123059353481
vn 0.18923466242098502 0.19711944747243954 -0.9619429120101547
vn 0.55029473257717 0.5109879744794639 -0.6603536910135324
vn 0.5423496046169933 0.6209510199140259 -0.5659299755619259
vn 0.0948564723993262 0.17390354266620564 -0.9801835580604782
vn -0.015745591494885344 -0.007872795747442672 -0.9998450357108322
vn 0.40981740935623495 0.15762207708289946 -0.8984458647044999
vn 0.5691388374797264 0.5059011690026525 -0.6481859230760686
vn 0.015745591494885344 0.007872795747442672 -0.9998450357108322
vn 0.23694879008219968 0.007898293064828164 -0.97149003486667
vn 0.5985736708414857 0.4016744103468144 -0.6930852968054421
vn 0.055007381297494634 0.03143278824848531 -0.9979910660049608
vn -0.33095497687101755 -0.7091892531820794 -0.6225105673443213
vn 0.8663566256155224 0.3937984526423653 -0.3071627841203493
vn -0.5514546672309675 -0.6459897802898283 -0.5278209485708976
vn 0.6373015444822216 0.33832057446845465 -0.6923770145606438
vn 0.8669214499728182 0.40981741108884195 -0.28371973696848407
vn 0.15739739283113416 -0.08656856605712378 -0.9837336753922654
vn -0.6056049824203923 -0.5820100078760725 -0.5426849509611356
vn 0.6140971073540663 0.25193726564197944 -0.7479387387481753
vn -0.5822621998431005 -0.5507885045926336 -0.5979989580613696
vn 0.126042878308246 -0.21269735155722946 -0.9689546065055437
vn 0.6393430514978868 0.22890060015614816 -0.734060609043644
vn 0.05529667334162216 0.07899524656652009 -0.9953401574021037
vn 0.6566241940800673 0.06328907571589926 -0.7515578225550773
vn 0.8857422814992695 0.3242449290299453 -0.3321533332104834
vn 0.6854431812942609 -0.16545179929837436 -0.7090792249996707
vn 0.08687309462253875 -0.04738532501689207 -0.9950918030029928
vn 0.48717817635731175 -0.44003188584411523 -0.7543403501879212
vn 0.42419863418794373 -0.6520089748304415 -0.628442372452431
vn 0.6053616296774407 -0.43240117257026384 -0.6682563305155697
vn 0.5056326794271117 -0.23701532779468398 -0.8295536919848758
vn 0.6920557886400671 -0.2909779959459166 -0.6605986612801095
vn -0.18096216189748893 0 -0.9834900589031833
vn 0.5905511955887038 -0.23622047823548153 -0.7716535304467627
vn -0.16559577100107647 -0.031542051796647444 -0.9856891698679745
vn 0.6075813507903645 -0.2840640104839878 -0.7417226841074158
vn 0.7107798669663357 -0.3395948226792652 -0.6160092021429199
vn 0.5902219171757367 -0.4013509096399657 -0.7003966988904001
vn 0.6918632414395754 -0.41669035116167985 -0.5896561764227349
vn 0.16554946850729427 -0.5597148420415533 -0.8119807073295222
vn -0.06303121723188126 -0.1024257214825492 -0.9927416769900652
vn 0.0237104134942419 -0.316138846589892 -0.9484165993743175
vn -0.26761700367643826 -0.2833591575732749 -0.920917329168373
vn -0.023612532557860777 -0.015741688992788896 -0.9995972426601918
vn -0.2603595682815825 -0.18935242548755474 -0.946762142338934
vn -0.2755478359200292 0.0393639770921885 -0.9604810604209092
vn 0.09462027778756238 -0.06308018270818144 -0.9935129055935343
vn -0.1733304775250676 0.007878657730658488 -0.9848322051564395
vn -0.157970791442193 0.015797079144219302 -0.987317416711383
vn 0 -0.047191456519273395 -0.9988858625646824
vn 0 -0.01574607939264818 -0.9998760228067081
vn 0.09473519916329523 0.039472998409609654 -0.9947196210169204
vn 0.0314804514426422 0 -0.9995043677628265
vn -0.13370912469530022 0 -0.9910206203572237
vn -0.14142134372033446 0 -0.9899494954493058
vn 0.07066924322511581 0.023556415650135405 -0.9972216169657111
vn -0.12597254030266847 0 -0.9920337288064818
vn 0.023608877972804955 0.023608877972804955 -0.9994424654584828
vn 0 0 -1
vn 0.14216926622772075 -0.07108463311386037 -0.9872866223520602
vn 0.007873771679070558 0 -0.9999690013793157
vn 0 -0.007873771679070558 -0.9999690013793157
vn -0.054992102262266834 -0.03928007304447631 -0.9977138590549883
vn 0.047185618853304814 0.01572853961776827 -0.9987622992558955
vn 0.007873771679070558 0 -0.9999690013793157
vn 0 0 -1
vn 0.11797864691838236 0.06292194502313726 -0.9910206192132498
vn 0.007873527662134519 0.007873527662134519 -0.9999380056405033
vn 0 0 -1
vn 0.18096216189748893 0 -0.9834900589031833
vn 0 0 -1
vn 0.039368856701881554 -0.21259184183637964 -0.9763476849496816
vn 0.2599392249113448 0.4568628765348098 -0.850710239386378
vn -0.031536169948425764 -0.1103765929568452 -0.9933893887656658
vn 0.2840993851338314 0.5445238066053497 -0.789164978573301
vn 0.17363791960375943 0.4340947990093986 -0.8839748742745285
vn 0.1971194546983676 0.4257780209563812 -0.8830951236700867
vn -0.13412463350421153 -0.15779369699400947 -0.978320873679144
vn -0.03932864890565497 -0.02359718785327689 -0.9989476613420109
vn 0 0.007873771679070558 -0.9999690013793157
vn 0.07068014110861856 -0.015706699265900886 -0.9973753642691583
vn -0.015745591494885344 -0.007872795747442672 -0.9998450357108322
vn -0.007873771679070558 0 -0.9999690013793157
vn -0.0790223729223782 -0.1343380406735657 -0.9877797099585028
vn 0.12604679009070674 0.38601827136972533 -0.9138392095311726
vn -0.047185618853304814 0.01572853961776827 -0.9987622992558955
vn 0.007864999369180132 -0.04718999807772589 -0.9988549673833268
vn 0 0.13370912469530022 -0.9910206203572237
vn -0.08686767865258822 -0.1342500386668451 -0.9871326828362342
vn 0.007873771679070558 0 -0.9999690013793157
vn -0.11034573310082135 -0.039409193054072054 -0.9931116426108745
vn 0.06300775349481892 -0.4016744266668256 -0.9136124331254546
vn 0.02359718785327689 0.03932864890565497 -0.9989476613420109
vn -0.08690290961272029 -0.03950132085792271 -0.9954333377737169
vn 0.055007381297494634 0.03143278824848531 -0.9979910660049608
vn 0 0.02361545912878236 -0.9997211161569693
vn -0.08687309462253875 -0.04738532501689207 -0.9950918030029928
vn 0.07098727269326102 -0.3785988274338239 -0.9228346195182029
vn -0.031471682215413584 0.023603760730237573 -0.9992258982321873
vn -0.1259686374502975 -0.007873039840643593 -0.992002982668189
vn -0.039338384882078574 -0.00786767660388671 -0.9991949715344477
vn -0.13391639245430276 -0.4017491922640694 -0.9059050647541348
vn -0.4573171180623181 -0.15769555281419234 -0.8752103553716684
vn -0.007873039840643593 0.1259686374502975 -0.992002982668189
vn -0.2607087253928136 -0.055301850050686746 -0.9638322809934442
vn 0.023608877972804955 0.023608877972804955 -0.9994424654584828
vn -0.7543403501879212 -0.48717817635731175 -0.44003188584411523
vn 0.04717832690056831 0.023589163450284154 -0.9986079094612553
vn -0.0157338935492298 -0.03933473201042939 -0.9991022087111254
vn 0.1184300760975156 0.16580210355628966 -0.9790219504852002
vn -0.11030462745137815 0.2206092549027563 -0.9691049715144708
vn 0.01572853961776827 -0.047185618853304814 -0.9987622992558955
vn 0 -0.03933960273179264 -0.9992258982116631
vn 0.007873527662134519 -0.007873527662134519 -0.9999380056405033
vn 0.007873771679070558 0 -0.9999690013793157
vn 0.015729997956593238 0.30673498529927573 -0.9516649704374638
vn 0.015810894797596706 0.5454758090498 -0.8379774205473354
vn 0 0.01574607939264818 -0.9998760228067081
vn 0 0.3233160954536601 -0.9462910241678295
vn 0 0.5601501576961753 -0.8283910917151089
vn -0.2288293377172327 0.28406400441441576 -0.9310986927259318
vn -0.05514204519725643 0.5592978614558959 -0.8271307375634913
vn -0.5826230035137328 0.4723970282650632 -0.6613557918873728
vn -0.6623831055784201 0.007885513205996553 -0.7491237815780284
vn 0.031418240749179635 0.06283648149835927 -0.9975291829020007
vn -0.2996215592431941 0 -0.9540581330488603
vn -0.11820922352440445 0.007880614342833403 -0.9929574388619773
vn -0.07849718967442156 0 -0.9969143349421844
vn -0.7096300266977722 -0.0630782206217148 -0.7017452267683175
vn -0.6138118292987579 -0.06295505559444642 -0.7869381800294182
vn -0.6787029786340062 -0.11048653435111438 -0.7260544005240984
vn -0.30676345863082066 -0.007865729445801864 -0.951753282499799
vn -0.7830308613026906 -0.07909402789937907 -0.6169333878128324
vn -0.772324194197836 -0.1260937435586408 -0.6225879109748526
vn -0.363208218098164 0 -0.931707996265974
vn -0.8673255751486159 -0.031539111281725644 -0.49674101013775923
vn -0.8660343491549273 -0.06298431901147862 -0.49600149358894224
vn -0.2367716069102449 0.03946193572680422 -0.9707635972727006
vn -0.4657088357184286 0.03946685282081151 -0.8840574912652492
vn -0.9149756087386012 0.03155088305995176 -0.402273759014385
vn -0.9223470064692267 0.007883307922720701 -0.3862820900759594
vn -0.6058111375349204 0.03933838487689015 -0.7946353611021368
vn -0.9394281446477697 -0.08683790210995532 -0.33156287458156575
vn -0.9469684705849064 -0.13415386269255195 -0.2919819460904236
vn -0.9771051900067468 0 -0.2127567805309133
vn -0.9521657442380215 0.06295310496350752 -0.2990272597525326
vn -0.9461733553678523 -0.26808244870073683 -0.181349889138529
vn -0.4334876585580376 0.18127665125471482 -0.8827384808581457
vn -0.8933155195687805 -0.2845960746858379 -0.3478396998201508
vn -0.8748297238189066 -0.44923687714962146 -0.1812710195585377
vn -0.8825192317767017 -0.24426871327727243 -0.4018614204649732
vn -0.09478247207640289 -0.023695618019100723 -0.9952159568022303
vn -0.9453215725845329 -0.259963426500282 -0.19694197442022915
vn -0.7955469142289211 -0.26780787949347923 -0.5434924534361516
vn -0.9228633295035891 -0.3155088305995176 -0.22085618141966235
vn -0.37048096041853773 -0.11035602854364658 -0.9222610286309575
vn -0.7555308475023731 -0.3148045297267631 -0.5745182734568652
vn -0.8913956354646388 -0.386534395874458 -0.23665371723376824
vn -0.3234569327790125 -0.11833790314483145 -0.9388140142309752
vn 0.01574412713551236 0.01574412713551236 -0.9997520917314859
vn -0.73314765325445 -0.3862820734827787 -0.5597148186651287
vn -0.8578423456967629 -0.4564665361865244 -0.23610339106279643
vn -0.33112979806939435 -0.15768085906183735 -0.9303170446229839
vn 0.023614728076609554 0.007871576335977366 -0.9996901434463855
vn 0.07066924322511581 0.023556415650135405 -0.9972216169657111
vn 0.007873771679070558 0 -0.9999690013793157
vn -0.386534395874458 -0.23665371723376824 -0.8913956354646388
vn -0.7143684479180512 -0.47886239500665323 -0.5102631941142205
vn -0.8117789200995883 -0.5438130809185969 -0.21279642361602316
vn 0.07065399834599775 0.03140177994011372 -0.9970064898155458
vn -0.7188343776195499 -0.5608487549260185 -0.4107624759520387
vn -0.7721323907485266 -0.6066755009635374 -0.18909364793034616
vn -0.11030805618939211 -0.04727487962747235 -0.9927724908033692
vn -0.09476178551230235 -0.03158726059567073 -0.9949987180768534
vn -0.007872795747442672 -0.015745591494885344 -0.9998450357108322
vn 0.08687309462253875 0.04738532501689207 -0.9950918030029928
vn -0.13367192001391287 -0.023589163231935256 -0.9907448557412808
vn 0.10254993106992176 0.03944228519259016 -0.9939455808928076
vn -0.03143278824848531 -0.055007381297494634 -0.9979910660049608
vn -0.04731455168648701 -0.10251485764121643 -0.9936055742403561
vn -0.48934323380008254 -0.37095375184601004 -0.7892632726317922
vn -0.5650927133402801 -0.4630621135172081 -0.682820404172793
vn -0.7165354406207629 -0.6141732263028477 -0.3307086488544864
vn -0.7484724723175024 -0.6460499341401493 -0.14969449148326816
vn -0.8046226227867851 -0.560080431494998 -0.1972114224787495
vn -0.5744471424322912 -0.5036248454548214 -0.6452693202004741
vn -0.7869381999468505 -0.487901686351233 -0.3777303455112308
vn -0.8762733114157623 -0.39471771294623625 -0.2763023901216689
vn -0.13358935569874847 -0.1807385418160906 -0.9744164733553035
vn -0.5348861695053881 -0.4955563137425078 -0.6843396273647977
vn -0.22907908822774026 -0.2527769269962874 -0.9400141469760235
vn -0.3152441540177129 -0.18914649539085984 -0.929970282664458
vn -0.7328061220912369 -0.3230650581687552 -0.5988523654591523
vn -0.5510444476269254 -0.38573111929931203 -0.7399739997754222
vn -0.8350599699411819 -0.4805533710561047 -0.26784940576459415
vn -0.5348530678256612 -0.4090052748892546 -0.7393557201714505
vn -0.8501565473854231 -0.4486937234081992 -0.2755136793550969
vn 0.6720889969902676 0.0869762322559217 0.7353444873983758
vn 0.7556244911318605 0.04722653069574128 0.6533003009337751
vn 0.744417190717204 0.04701582339509804 0.6660574738828373
vn 0.7009612870047939 0.0787596920716456 0.7088372062930688
vn 0.779672594205551 0.07087932268200628 0.6221629750000609
vn 0.18076087511282826 0.04715500765961582 0.9823960053262971
vn 0.2370079447421638 0.24490821304384042 0.9401314808646545
vn 0.7472674454692718 0.07079375163922579 0.6607417117684281
vn 0.05521232904943533 0.15774951156981523 0.9859344249596023
vn 0.07872795299987602 0.4172581725060266 0.9053714855756063
vn 0.13370912469530022 0 0.9910206203572237
vn 0.7652993912493977 0.12623494068774707 0.6311747630433764
vn 0.7934819358609828 0.1178438648437318 0.5970755739276219
vn 0.1579116939158718 0.03158233803811627 0.9869480497212944
vn 0.7800839325742426 0.18123162671973794 0.5988523654591523
vn 0.8058521370680557 0.1896122745577362 0.5609362873980336
vn 0.21251938388890695 0.04722653099485391 0.9760149416077972
vn 0.7889684413193389 0.25246989645381684 0.5601676088339381
vn 0.7970069595169168 0.2919728737023719 0.5287076200543912
vn 0.3310680675169628 0.10247345230785251 0.9380261863310076
vn 0.723714292859932 0.4719875848914622 0.5034534159369397
vn 0.7239831688394756 0.5665954819754855 0.393469097950676
vn 0.5830206923295894 0.2757529939098188 0.7642297813258113
vn 0.701091754607316 0.49627842667434596 0.5120332751289423
vn 0.7744434573350529 0.41883168151508765 0.47414908409715834
vn 0.44165740875841114 0.22871544222476703 0.8675413418256994
vn 0.16567304985675493 -0.007889192894670355 0.9861491779576922
vn 0.7009612685394069 0.4883101005333305 0.5198139529916006
vn 0.7555542610289111 0.5351842657452852 0.37777713051445555
vn 0.8352673452031107 0.23639641142486115 0.4964324714427888
vn 0.45574729732953956 0.5971861363508132 0.6600478160915377
vn 0.7175817274192536 0.3548481059830708 0.5992989956225752
vn 0.7329654497467597 -0.1182202388772903 0.6699146397842988
vn 0.7899524853551916 -0.15799049111057362 0.5924644087198789
vn 0.8506310690078224 0.07876213933061178 0.5198300778587888
vn 0.4251968621472238 0.4173228500447986 0.8031495920752505
vn 0.32366852538506097 -0.20525320467782182 0.9236394359513588
vn 0.7323515897246148 0.07087273208606598 0.6772283255110395
vn 0.7722522590400641 0.2521640053847003 0.5831292848038612
vn 0.8588803350247691 0.3073057893523691 0.40974104253571875
vn 0.1499740344650064 -0.06314695795864485 0.9866712981975598
vn 0.7541308641604012 0.3927765004425526 0.5263204921155815
vn 0.8348527461704498 0.456806204982693 0.3071627960886025
vn 0.2447631047717936 0.11053817658889326 0.9632613010283734
vn 0.23687491714481468 0.12633328616366882 0.9632913237617817
vn 0.6775645328139308 0.5121127601711545 0.5278700832046851
vn 0.7486816186618713 0.5831836105224116 0.31523437359508283
vn 0.6124101904211655 0.6516672363339748 0.44753052606179944
vn 0.2208905386977132 0.1577789647276016 0.9624516446052342
vn 0.5605515283693349 0.5447613637801542 0.6237123059353481
vn 0.18923466242098502 0.19711944747243954 0.9619429120101547
vn 0.55029473257717 0.5109879744794639 0.6603536910135324
vn 0.5423496046169933 0.6209510199140259 0.5659299755619259
vn 0.0948564723993262 0.17390354266620564 0.9801835580604782
vn -0.015745591494885344 -0.007872795747442672 0.9998450357108322
vn 0.40981740935623495 0.15762207708289946 0.8984458647044999
vn 0.5691388374797264 0.5059011690026525 0.6481859230760686
vn 0.015745591494885344 0.007872795747442672 0.9998450357108322
vn 0.23694879008219968 0.007898293064828164 0.97149003486667
vn 0.5985736708414857 0.4016744103468144 0.6930852968054421
vn 0.055007381297494634 0.03143278824848531 0.9979910660049608
vn -0.33095497687101755 -0.7091892531820794 0.6225105673443213
vn 0.8663566256155224 0.3937984526423653 0.3071627841203493
vn -0.5514546672309675 -0.6459897802898283 0.5278209485708976
vn 0.6373015444822216 0.33832057446845465 0.6923770145606438
vn 0.8669214499728182 0.40981741108884195 0.28371973696848407
vn 0.15739739283113416 -0.08656856605712378 0.9837336753922654
vn -0.6056049824203923 -0.5820100078760725 0.5426849509611356
vn 0.6140971073540663 0.25193726564197944 0.7479387387481753
vn -0.5822621998431005 -0.5507885045926336 0.5979989580613696
vn 0.126042878308246 -0.21269735155722946 0.9689546065055437
vn 0.6393430514978868 0.22890060015614816 0.734060609043644
vn 0.05529667334162216 0.07899524656652009 0.9953401574021037
vn 0.6566241940800673 0.06328907571589926 0.7515578225550773
vn 0.8857422814992695 0.3242449290299453 0.3321533332104834
vn 0.6854431812942609 -0.16545179929837436 0.7090792249996707
vn 0.08687309462253875 -0.04738532501689207 0.9950918030029928
vn 0.48717817635731175 -0.44003188584411523 0.7543403501879212
vn 0.42419863418794373 -0.6520089748304415 0.628442372452431
vn 0.6053616296774407 -0.43240117257026384 0.6682563305155697
vn 0.5056326794271117 -0.23701532779468398 0.8295536919848758
vn 0.6920557886400671 -0.2909779959459166 0.6605986612801095
vn -0.18096216189748893 0 0.9834900589031833
vn 0.5905511955887038 -0.23622047823548153 0.7716535304467627
vn -0.16559577100107647 -0.031542051796647444 0.9856891698679745
vn 0.6075813507903645 -0.2840640104839878 0.7417226841074158
vn 0.7107798669663357 -0.3395948226792652 0.6160092021429199
vn 0.07066924322511581 0.023556415650135405 0.9972216169657111
vn 0.5902219171757367 -0.4013509096399657 0.7003966988904001
vn 0.6918632414395754 -0.41669035116167985 0.5896561764227349
vn 0.16554946850729427 -0.5597148420415533 0.8119807073295222
vn -0.06303121723188126 -0.1024257214825492 0.9927416769900652
vn 0.0237104134942419 -0.316138846589892 0.9484165993743175
vn -0.26761700367643826 -0.2833591575732749 0.920917329168373
vn -0.023612532557860777 -0.015741688992788896 0.9995972426601918
vn -0.2603595682815825 -0.18935242548755474 0.946762142338934
vn 0.09462027778756238 -0.06308018270818144 0.9935129055935343
vn -0.2755478359200292 0.0393639770921885 0.9604810604209092
vn -0.1733304775250676 0.007878657730658488 0.9848322051564395
vn -0.157970791442193 0.015797079144219302 0.987317416711383
vn 0 -0.047191456519273395 0.9988858625646824
vn 0 -0.01574607939264818 0.9998760228067081
vn 0.09473519916329523 0.039472998409609654 0.9947196210169204
vn 0.0314804514426422 0 0.9995043677628265
vn -0.13370912469530022 0 0.9910206203572237
vn -0.14142134372033446 0 0.9899494954493058
vn -0.12597254030266847 0 0.9920337288064818
vn 0.10254993106992176 0.03944228519259016 0.9939455808928076
vn 0.14216926622772075 -0.07108463311386037 0.9872866223520602
vn -0.054992102262266834 -0.03928007304447631 0.9977138590549883
vn 0 0 1
vn 0.023608877972804955 0.023608877972804955 0.9994424654584828
vn 0 -0.007873771679070558 0.9999690013793157
vn 0.007873771679070558 0 0.9999690013793157
vn 0.047185618853304814 0.01572853961776827 0.9987622992558955
vn 0.007873771679070558 0 0.9999690013793157
vn 0 0 1
vn 0.11797864691838236 0.06292194502313726 0.9910206192132498
vn 0.007873527662134519 0.007873527662134519 0.9999380056405033
vn 0 0 1
vn 0.18096216189748893 0 0.9834900589031833
vn 0 0 1
vn 0 0.007873771679070558 0.9999690013793157
vn -0.11030805618939211 -0.04727487962747235 0.9927724908033692
vn -0.015745591494885344 -0.007872795747442672 0.9998450357108322
vn -0.08687309462253875 -0.04738532501689207 0.9950918030029928
vn -0.09476178551230235 -0.03158726059567073 0.9949987180768534
vn 0.07065399834599775 0.03140177994011372 0.9970064898155458
vn -0.13367192001391287 -0.023589163231935256 0.9907448557412808
vn 0.08687309462253875 0.04738532501689207 0.9950918030029928
vn -0.03143278824848531 -0.055007381297494634 0.9979910660049608
vn -0.007872795747442672 -0.015745591494885344 0.9998450357108322
vn -0.04731455168648701 -0.10251485764121643 0.9936055742403561
vn -0.48934323380008254 -0.37095375184601004 0.7892632726317922
vn -0.13358935569874847 -0.1807385418160906 0.9744164733553035
vn -0.5650927133402801 -0.4630621135172081 0.682820404172793
vn -0.5744471424322912 -0.5036248454548214 0.6452693202004741
vn -0.22907908822774026 -0.2527769269962874 0.9400141469760235
vn -0.5348861695053881 -0.4955563137425078 0.6843396273647977
vn -0.5510444476269254 -0.38573111929931203 0.7399739997754222
vn -0.3152441540177129 -0.18914649539085984 0.929970282664458
vn -0.7869381999468505 -0.487901686351233 0.3777303455112308
vn -0.7165354406207629 -0.6141732263028477 0.3307086488544864
vn -0.7328061220912369 -0.3230650581687552 0.5988523654591523
vn -0.8762733114157623 -0.39471771294623625 0.2763023901216689
vn -0.8046226227867851 -0.560080431494998 0.1972114224787495
vn -0.8350599699411819 -0.4805533710561047 0.26784940576459415
vn -0.7484724723175024 -0.6460499341401493 0.14969449148326816
vn -0.7721323907485266 -0.6066755009635374 0.18909364793034616
vn -0.5348530678256612 -0.4090052748892546 0.7393557201714505
vn -0.8501565473854231 -0.4486937234081992 0.2755136793550969
vn -0.7188343776195499 -0.5608487549260185 0.4107624759520387
vn -0.8117789200995883 -0.5438130809185969 0.21279642361602316
vn -0.7143684479180512 -0.47886239500665323 0.5102631941142205
vn -0.8578423456967629 -0.4564665361865244 0.23610339106279643
vn -0.386534395874458 -0.23665371723376824 0.8913956354646388
vn -0.73314765325445 -0.3862820734827787 0.5597148186651287
vn -0.8913956354646388 -0.386534395874458 0.23665371723376824
vn 0.007873771679070558 0 0.9999690013793157
vn -0.33112979806939435 -0.15768085906183735 0.9303170446229839
vn -0.7555308475023731 -0.3148045297267631 0.5745182734568652
vn -0.9228633295035891 -0.3155088305995176 0.22085618141966235
vn 0.023614728076609554 0.007871576335977366 0.9996901434463855
vn -0.7955469142289211 -0.26780787949347923 0.5434924534361516
vn -0.9453215725845329 -0.259963426500282 0.19694197442022915
vn -0.3234569327790125 -0.11833790314483145 0.9388140142309752
vn -0.8825192317767017 -0.24426871327727243 0.4018614204649732
vn -0.8748297238189066 -0.44923687714962146 0.1812710195585377
vn -0.37048096041853773 -0.11035602854364658 0.9222610286309575
vn 0.01574412713551236 0.01574412713551236 0.9997520917314859
vn 0.07066924322511581 0.023556415650135405 0.9972216169657111
vn -0.08690290961272029 -0.03950132085792271 0.9954333377737169
vn 0.055007381297494634 0.03143278824848531 0.9979910660049608
vn -0.031471682215413584 0.023603760730237573 0.9992258982321873
vn -0.007873771679070558 0 0.9999690013793157
vn -0.11034573310082135 -0.039409193054072054 0.9931116426108745
vn 0.02359718785327689 0.03932864890565497 0.9989476613420109
vn -0.08686767865258822 -0.1342500386668451 0.9871326828362342
vn 0.07068014110861856 -0.015706699265900886 0.9973753642691583
vn 0 0.02361545912878236 0.9997211161569693
vn -0.0790223729223782 -0.1343380406735657 0.9877797099585028
vn -0.13412463350421153 -0.15779369699400947 0.978320873679144
vn -0.03932864890565497 -0.02359718785327689 0.9989476613420109
vn -0.031536169948425764 -0.1103765929568452 0.9933893887656658
vn 0.039368856701881554 -0.21259184183637964 0.9763476849496816
vn 0.2599392249113448 0.4568628765348098 0.850710239386378
vn 0.17363791960375943 0.4340947990093986 0.8839748742745285
vn 0.2840993851338314 0.5445238066053497 0.789164978573301
vn 0.1971194546983676 0.4257780209563812 0.8830951236700867
vn 0.12604679009070674 0.38601827136972533 0.9138392095311726
vn 0.01572853961776827 -0.047185618853304814 0.9987622992558955
vn 0.1184300760975156 0.16580210355628966 0.9790219504852002
vn 0 -0.03933960273179264 0.9992258982116631
vn 0.007873527662134519 -0.007873527662134519 0.9999380056405033
vn 0.04717832690056831 0.023589163450284154 0.9986079094612553
vn 0.007873771679070558 0 0.9999690013793157
vn 0.015729997956593238 0.30673498529927573 0.9516649704374638
vn 0.015810894797596706 0.5454758090498 0.8379774205473354
vn 0 0.01574607939264818 0.9998760228067081
vn 0 0.3233160954536601 0.9462910241678295
vn 0 0.5601501576961753 0.8283910917151089
vn -0.2288293377172327 0.28406400441441576 0.9310986927259318
vn -0.05514204519725643 0.5592978614558959 0.8271307375634913
vn -0.5826230035137328 0.4723970282650632 0.6613557918873728
vn -0.6623831055784201 0.007885513205996553 0.7491237815780284
vn -0.7096300266977722 -0.0630782206217148 0.7017452267683175
vn -0.6138118292987579 -0.06295505559444642 0.7869381800294182
vn -0.6787029786340062 -0.11048653435111438 0.7260544005240984
vn -0.2996215592431941 0 0.9540581330488603
vn -0.7830308613026906 -0.07909402789937907 0.6169333878128324
vn -0.772324194197836 -0.1260937435586408 0.6225879109748526
vn -0.30676345863082066 -0.007865729445801864 0.951753282499799
vn -0.07849718967442156 0 0.9969143349421844
vn -0.8673255751486159 -0.031539111281725644 0.49674101013775923
vn -0.8660343491549273 -0.06298431901147862 0.49600149358894224
vn -0.363208218098164 0 0.931707996265974
vn -0.9149756087386012 0.03155088305995176 0.402273759014385
vn -0.9223470064692267 0.007883307922720701 0.3862820900759594
vn -0.4657088357184286 0.03946685282081151 0.8840574912652492
vn -0.9394281446477697 -0.08683790210995532 0.33156287458156575
vn -0.9469684705849064 -0.13415386269255195 0.2919819460904236
vn -0.9771051900067468 0 0.2127567805309133
vn -0.6058111375349204 0.03933838487689015 0.7946353611021368
vn -0.9521657442380215 0.06295310496350752 0.2990272597525326
vn -0.9461733553678523 -0.26808244870073683 0.181349889138529
vn -0.2367716069102449 0.03946193572680422 0.9707635972727006
vn -0.4334876585580376 0.18127665125471482 0.8827384808581457
vn -0.8933155195687805 -0.2845960746858379 0.3478396998201508
vn -0.7543403501879212 -0.48717817635731175 0.44003188584411523
vn -0.2607087253928136 -0.055301850050686746 0.9638322809934442
vn -0.4573171180623181 -0.15769555281419234 0.8752103553716684
vn -0.13391639245430276 -0.4017491922640694 0.9059050647541348
vn -0.1259686374502975 -0.007873039840643593 0.992002982668189
vn -0.039338384882078574 -0.00786767660388671 0.9991949715344477
vn 0.07098727269326102 -0.3785988274338239 0.9228346195182029
vn 0.06300775349481892 -0.4016744266668256 0.9136124331254546
vn 0.007873771679070558 0 0.9999690013793157
vn 0.007864999369180132 -0.04718999807772589 0.9988549673833268
vn -0.007873039840643593 0.1259686374502975 0.992002982668189
vn -0.047185618853304814 0.01572853961776827 0.9987622992558955
vn 0 0.13370912469530022 0.9910206203572237
vn -0.11030462745137815 0.2206092549027563 0.9691049715144708
vn 0.023608877972804955 0.023608877972804955 0.9994424654584828
vn -0.09478247207640289 -0.023695618019100723 0.9952159568022303
vn -0.0157338935492298 -0.03933473201042939 0.9991022087111254
vn -0.11820922352440445 0.007880614342833403 0.9929574388619773
vn 0.031418240749179635 0.06283648149835927 0.9975291829020007
vn 0.6002890097412119 0.6555787571518948 0.4581152671054435
vn -0.023697096262871267 0.8925906302476566 0.4502448383077803
vn 0 0.931707996265974 0.363208218098164
vn 0.9244175005111829 -0.08691105106845831 0.3713472148149668
vn 0.9535839772380436 -0.03152343526287838 0.29947265548644303
vn 0.6150891863587016 0.40217367355564715 0.678175220074684
vn -0.362654713174486 0.4572602853413389 0.8120311511647128
vn 0.6452693312473936 -0.3226346656236968 0.6924841967073521
vn 0.3392881069154246 -0.1341371651321924 0.9310697081508164
vn 0.10255950821024787 -0.3707920985201844 0.9230356260462919
vn 0.015783790690663033 -0.20518927525332906 0.9785950302716886
vn -0.1574998373387253 0.6536243636987261 0.740249277215257
vn 0.015765147023691445 -0.3862460946298591 0.9222610338307174
vn 0 0.7302714259889009 0.6831571154457348
vn 0.007867920430130586 -0.25177345376417876 0.9677542166313521
vn 0.031542051796647444 -0.16559577100107647 0.9856891698679745
vn 0 -0.2996215592431941 0.9540581330488603
vn 0.19669191796002605 0.7946353652478048 0.5743404266693181
vn 0.0314804514426422 0 0.9995043677628265
vn -0.007878657730658488 -0.1733304775250676 0.9848322051564395
vn 0.2763023901216689 0.8762733114157623 0.39471771294623625
vn -0.09476178551230235 -0.03158726059567073 0.9949987180768534
vn -0.047187078942777905 0.1258322105140744 0.9909286726994984
vn 0.12601159245005777 0.9529627293708577 0.27565034917127473
vn -0.5894376065091929 0.24363421009441993 0.7701984677369738
vn -0.6237317541137614 0 0.7816384707204286
vn -0.14182463281945368 0.9612559075811999 0.23637439299947652
vn -0.6942274300390212 0.31555791461710386 0.6468937145342505
vn -0.7417226942239883 0 0.6707066757332211
vn -0.19698477012262677 0.953406357130954 0.22850233811061904
vn 0.6524721672864692 0.6053055239805236 -0.4559443974380664
vn 0 0.931707996265974 -0.363208218098164
vn -0.023697096262871267 0.8925906302476566 -0.4502448383077803
vn 0.8584806621302977 -0.09451163321164562 -0.5040620040590176
vn 0.9539395288157241 -0.01576759531749637 -0.2995843091697858
vn 0.6141732263028477 0.3307086488544864 -0.7165354406207629
vn -0.362654713174486 0.4572602853413389 -0.8120311511647128
vn 0.5419312457234151 -0.2277682166020705 -0.8089698167512679
vn 0.3310680675169628 -0.10247345230785251 -0.9380261863310076
vn 0.09452335814464218 -0.2599392311724756 -0.9609874769540557
vn 0.015711544507176385 -0.14140388752607108 -0.9898273020894671
vn -0.1574998373387253 0.6536243636987261 -0.740249277215257
vn 0.007878657412471053 -0.2757529908100354 -0.9611962415743714
vn 0 0.7302714259889009 -0.6831571154457348
vn 0.007856256901564442 -0.18855016563754662 -0.982032135047296
vn 0.03933594826078294 -0.1258750314542734 -0.9912659378949783
vn 0.023644045403712188 -0.24432181243913356 -0.969405906255684
vn 0.19669191796002605 0.7946353652478048 -0.5743404266693181
vn 0.055034575037905153 0 -0.9984844493282794
vn 0.03158233803811627 -0.1579116939158718 -0.9869480497212944
vn 0.2763023901216689 0.8762733114157623 -0.39471771294623625
vn -0.09476178551230235 -0.03158726059567073 -0.9949987180768534
vn -0.047187078942777905 0.1258322105140744 -0.9909286726994984
vn 0.12601159245005777 0.9529627293708577 -0.27565034917127473
vn -0.5894376065091929 0.24363421009441993 -0.7701984677369738
vn -0.6237317541137614 0 -0.7816384707204286
vn -0.14182463281945368 0.9612559075811999 -0.23637439299947652
vn -0.6942274300390212 0.31555791461710386 -0.6468937145342505
vn -0.7417226942239883 0 -0.6707066757332211
vn -0.19698477012262677 0.953406357130954 -0.22850233811061904
usemtl AK_Foresaken_white
f 1/1/1 2/2/2 3/3/3
f 4/4/4 3/3/3 2/2/2
f 5/5/5 4/4/4 2/2/2
f 6/6/6 4/4/4 5/5/5
f 7/7/7 4/4/4 6/6/6
f 8/8/8 9/9/9 10/10/10
f 8/8/8 11/11/11 9/9/9
f 8/8/8 12/12/12 11/11/11
f 12/12/12 8/8/8 13/13/13
f 12/12/12 13/13/13 14/14/14
f 15/15/15 14/14/14 13/13/13
f 14/14/14 15/15/15 16/16/16
f 16/16/16 17/17/17 14/14/14
f 16/16/16 15/15/15 18/18/18
f 16/16/16 19/19/19 17/17/17
f 19/19/19 20/20/20 21/21/21
f 19/19/19 22/22/22 20/20/20
f 16/16/16 22/22/22 19/19/19
f 18/18/18 23/23/23 16/16/16
f 23/23/23 22/22/22 16/16/16
f 23/23/23 18/18/18 24/24/24
f 22/22/22 23/23/23 25/25/25
f 22/22/22 25/25/25 26/26/26
f 26/26/26 25/25/25 27/27/27
f 24/24/24 28/28/28 23/23/23
f 28/28/28 24/24/24 29/29/29
f 25/25/25 23/23/23 30/30/30
f 30/30/30 23/23/23 28/28/28
f 30/30/30 27/27/27 25/25/25
f 29/29/29 30/30/30 28/28/28
f 27/27/27 30/30/30 31/31/31
f 30/30/30 29/29/29 32/32/32
f 30/30/30 32/32/32 31/31/31
f 33/33/33 34/34/34 35/35/35
f 34/34/34 33/33/33 36/36/36
f 36/36/36 33/33/33 37/37/37
f 38/38/38 34/34/34 36/36/36
f 34/34/34 38/38/38 39/39/39
f 36/36/36 37/37/37 40/40/40
f 36/36/36 40/40/40 38/38/38
f 41/41/41 39/39/39 38/38/38
f 39/39/39 41/41/41 42/42/42
f 40/40/40 43/43/43 38/38/38
f 43/43/43 41/41/41 38/38/38
f 37/37/37 44/44/44 40/40/40
f 44/44/44 37/37/37 45/45/45
f 40/40/40 46/46/46 43/43/43
f 46/46/46 40/40/40 44/44/44
f 45/45/45 47/47/47 44/44/44
f 47/47/47 45/45/45 48/48/48
f 44/44/44 49/49/49 46/46/46
f 49/49/49 44/44/44 47/47/47
f 48/48/48 50/50/50 47/47/47
f 50/50/50 48/48/48 51/51/51
f 47/47/47 52/52/52 49/49/49
f 52/52/52 47/47/47 50/50/50
f 51/51/51 53/53/53 50/50/50
f 53/53/53 51/51/51 54/54/54
f 50/50/50 55/55/55 52/52/52
f 55/55/55 50/50/50 53/53/53
f 54/54/54 56/56/56 53/53/53
f 56/56/56 54/54/54 57/57/57
f 55/55/55 53/53/53 58/58/58
f 56/56/56 58/58/58 53/53/53
f 59/59/59 52/52/52 55/55/55
f 58/58/58 59/59/59 55/55/55
f 56/56/56 57/57/57 60/60/60
f 61/61/61 60/60/60 57/57/57
f 62/62/62 60/60/60 61/61/61
f 56/56/56 63/63/63 58/58/58
f 63/63/63 56/56/56 60/60/60
f 60/60/60 62/62/62 64/64/64
f 64/64/64 63/63/63 60/60/60
f 62/62/62 65/65/65 64/64/64
f 65/65/65 62/62/62 66/66/66
f 65/65/65 66/66/66 67/67/67
f 63/63/63 64/64/64 68/68/68
f 69/69/69 64/64/64 65/65/65
f 64/64/64 69/69/69 68/68/68
f 67/67/67 70/70/70 65/65/65
f 70/70/70 69/69/69 65/65/65
f 67/67/67 71/71/71 70/70/70
f 71/71/71 67/67/67 72/72/72
f 69/69/69 70/70/70 73/73/73
f 72/72/72 74/74/74 71/71/71
f 74/74/74 72/72/72 75/75/75
f 70/70/70 71/71/71 76/76/76
f 76/76/76 73/73/73 70/70/70
f 77/77/77 71/71/71 74/74/74
f 71/71/71 77/77/77 76/76/76
f 75/75/75 78/78/78 74/74/74
f 78/78/78 75/75/75 79/79/79
f 80/80/80 78/78/78 79/79/79
f 74/74/74 81/81/81 77/77/77
f 74/74/74 78/78/78 81/81/81
f 78/78/78 80/80/80 82/82/82
f 78/78/78 83/83/83 81/81/81
f 83/83/83 78/78/78 82/82/82
f 80/80/80 84/84/84 82/82/82
f 84/84/84 80/80/80 85/85/85
f 82/82/82 86/86/86 83/83/83
f 86/86/86 82/82/82 84/84/84
f 87/87/87 81/81/81 83/83/83
f 85/85/85 88/88/88 84/84/84
f 88/88/88 85/85/85 89/89/89
f 81/81/81 87/87/87 90/90/90
f 90/90/90 77/77/77 81/81/81
f 91/91/91 88/88/88 89/89/89
f 89/89/89 92/92/92 91/91/91
f 77/77/77 90/90/90 93/93/93
f 93/93/93 76/76/76 77/77/77
f 91/91/91 94/94/94 88/88/88
f 95/95/95 88/88/88 94/94/94
f 88/88/88 95/95/95 84/84/84
f 94/94/94 91/91/91 96/96/96
f 97/97/97 84/84/84 95/95/95
f 86/86/86 84/84/84 97/97/97
f 98/98/98 97/97/97 95/95/95
f 99/99/99 96/96/96 91/91/91
f 99/99/99 91/91/91 92/92/92
f 96/96/96 99/99/99 100/100/100
f 92/92/92 101/101/101 99/99/99
f 102/102/102 100/100/100 99/99/99
f 103/103/103 99/99/99 101/101/101
f 99/99/99 103/103/103 102/102/102
f 97/97/97 98/98/98 104/104/104
f 97/97/97 104/104/104 105/105/105
f 105/105/105 86/86/86 97/97/97
f 98/98/98 106/106/106 104/104/104
f 106/106/106 98/98/98 107/107/107
f 108/108/108 106/106/106 107/107/107
f 104/104/104 109/109/109 105/105/105
f 109/109/109 104/104/104 106/106/106
f 108/108/108 110/110/110 106/106/106
f 108/108/108 111/111/111 110/110/110
f 110/110/110 111/111/111 112/112/112
f 113/113/113 106/106/106 110/110/110
f 112/112/112 113/113/113 110/110/110
f 109/109/109 106/106/106 113/113/113
f 114/114/114 113/113/113 112/112/112
f 109/109/109 115/115/115 105/105/105
f 113/113/113 114/114/114 116/116/116
f 86/86/86 105/105/105 117/117/117
f 105/105/105 115/115/115 117/117/117
f 117/117/117 83/83/83 86/86/86
f 83/83/83 117/117/117 87/87/87
f 116/116/116 114/114/114 118/118/118
f 119/119/119 118/118/118 114/114/114
f 119/119/119 120/120/120 118/118/118
f 120/120/120 119/119/119 121/121/121
f 122/122/122 120/120/120 121/121/121
f 123/123/123 116/116/116 118/118/118
f 120/120/120 123/123/123 118/118/118
f 122/122/122 124/124/124 120/120/120
f 123/123/123 120/120/120 124/124/124
f 122/122/122 125/125/125 124/124/124
f 116/116/116 123/123/123 126/126/126
f 126/126/126 113/113/113 116/116/116
f 124/124/124 127/127/127 123/123/123
f 127/127/127 124/124/124 125/125/125
f 123/123/123 128/128/128 126/126/126
f 128/128/128 123/123/123 127/127/127
f 113/113/113 126/126/126 129/129/129
f 109/109/109 113/113/113 129/129/129
f 126/126/126 128/128/128 130/130/130
f 129/129/129 126/126/126 130/130/130
f 129/129/129 131/131/131 109/109/109
f 131/131/131 129/129/129 130/130/130
f 115/115/115 109/109/109 131/131/131
f 132/132/132 131/131/131 130/130/130
f 115/115/115 131/131/131 133/133/133
f 131/131/131 132/132/132 133/133/133
f 134/134/134 130/130/130 128/128/128
f 134/134/134 132/132/132 130/130/130
f 133/133/133 135/135/135 115/115/115
f 135/135/135 117/117/117 115/115/115
f 136/136/136 133/133/133 132/132/132
f 132/132/132 134/134/134 136/136/136
f 137/137/137 135/135/135 133/133/133
f 133/133/133 136/136/136 137/137/137
f 117/117/117 135/135/135 138/138/138
f 87/87/87 117/117/117 138/138/138
f 135/135/135 137/137/137 139/139/139
f 138/138/138 135/135/135 139/139/139
f 87/87/87 138/138/138 140/140/140
f 140/140/140 90/90/90 87/87/87
f 138/138/138 139/139/139 141/141/141
f 141/141/141 140/140/140 138/138/138
f 137/137/137 142/142/142 139/139/139
f 90/90/90 140/140/140 143/143/143
f 93/93/93 90/90/90 143/143/143
f 140/140/140 141/141/141 144/144/144
f 144/144/144 143/143/143 140/140/140
f 139/139/139 145/145/145 141/141/141
f 145/145/145 139/139/139 142/142/142
f 144/144/144 141/141/141 146/146/146
f 141/141/141 145/145/145 146/146/146
f 143/143/143 144/144/144 147/147/147
f 147/147/147 144/144/144 146/146/146
f 93/93/93 143/143/143 148/148/148
f 147/147/147 148/148/148 143/143/143
f 148/148/148 149/149/149 93/93/93
f 76/76/76 93/93/93 149/149/149
f 73/73/73 76/76/76 149/149/149
f 148/148/148 147/147/147 150/150/150
f 149/149/149 148/148/148 151/151/151
f 150/150/150 151/151/151 148/148/148
f 73/73/73 149/149/149 152/152/152
f 152/152/152 149/149/149 151/151/151
f 153/153/153 150/150/150 147/147/147
f 146/146/146 153/153/153 147/147/147
f 154/154/154 73/73/73 152/152/152
f 73/73/73 154/154/154 69/69/69
f 69/69/69 154/154/154 68/68/68
f 68/68/68 154/154/154 155/155/155
f 68/68/68 155/155/155 63/63/63
f 152/152/152 156/156/156 154/154/154
f 156/156/156 155/155/155 154/154/154
f 63/63/63 155/155/155 157/157/157
f 63/63/63 157/157/157 58/58/58
f 58/58/58 157/157/157 59/59/59
f 155/155/155 158/158/158 157/157/157
f 155/155/155 156/156/156 158/158/158
f 159/159/159 59/59/59 157/157/157
f 157/157/157 158/158/158 159/159/159
f 152/152/152 160/160/160 156/156/156
f 151/151/151 160/160/160 152/152/152
f 161/161/161 158/158/158 156/156/156
f 161/161/161 156/156/156 160/160/160
f 160/160/160 151/151/151 162/162/162
f 151/151/151 150/150/150 162/162/162
f 160/160/160 163/163/163 161/161/161
f 160/160/160 162/162/162 163/163/163
f 162/162/162 150/150/150 164/164/164
f 150/150/150 153/153/153 164/164/164
f 165/165/165 163/163/163 162/162/162
f 164/164/164 165/165/165 162/162/162
f 166/166/166 161/161/161 163/163/163
f 163/163/163 165/165/165 166/166/166
f 158/158/158 161/161/161 167/167/167
f 158/158/158 167/167/167 159/159/159
f 161/161/161 166/166/166 168/168/168
f 168/168/168 167/167/167 161/161/161
f 166/166/166 169/169/169 168/168/168
f 167/167/167 168/168/168 170/170/170
f 170/170/170 168/168/168 169/169/169
f 169/169/169 166/166/166 171/171/171
f 165/165/165 171/171/171 166/166/166
f 169/169/169 172/172/172 170/170/170
f 171/171/171 165/165/165 173/173/173
f 171/171/171 174/174/174 169/169/169
f 169/169/169 174/174/174 172/172/172
f 173/173/173 175/175/175 171/171/171
f 174/174/174 171/171/171 175/175/175
f 176/176/176 173/173/173 165/165/165
f 165/165/165 164/164/164 176/176/176
f 175/175/175 173/173/173 177/177/177
f 173/173/173 176/176/176 177/177/177
f 174/174/174 175/175/175 178/178/178
f 179/179/179 176/176/176 164/164/164
f 164/164/164 153/153/153 179/179/179
f 180/180/180 174/174/174 178/178/178
f 180/180/180 172/172/172 174/174/174
f 181/181/181 178/178/178 175/175/175
f 177/177/177 181/181/181 175/175/175
f 180/180/180 178/178/178 182/182/182
f 182/182/182 178/178/178 181/181/181
f 172/172/172 180/180/180 183/183/183
f 184/184/184 180/180/180 182/182/182
f 184/184/184 183/183/183 180/180/180
f 181/181/181 185/185/185 182/182/182
f 185/185/185 184/184/184 182/182/182
f 183/183/183 186/186/186 172/172/172
f 186/186/186 170/170/170 172/172/172
f 183/183/183 184/184/184 187/187/187
f 188/188/188 170/170/170 186/186/186
f 189/189/189 187/187/187 184/184/184
f 184/184/184 185/185/185 189/189/189
f 188/188/188 190/190/190 170/170/170
f 190/190/190 167/167/167 170/170/170
f 186/186/186 191/191/191 188/188/188
f 192/192/192 167/167/167 190/190/190
f 159/159/159 167/167/167 192/192/192
f 193/193/193 191/191/191 186/186/186
f 186/186/186 183/183/183 193/193/193
f 159/159/159 192/192/192 194/194/194
f 59/59/59 159/159/159 194/194/194
f 52/52/52 59/59/59 194/194/194
f 194/194/194 49/49/49 52/52/52
f 49/49/49 194/194/194 195/195/195
f 194/194/194 192/192/192 195/195/195
f 49/49/49 195/195/195 46/46/46
f 192/192/192 196/196/196 195/195/195
f 196/196/196 46/46/46 195/195/195
f 192/192/192 190/190/190 196/196/196
f 196/196/196 43/43/43 46/46/46
f 43/43/43 196/196/196 197/197/197
f 190/190/190 197/197/197 196/196/196
f 41/41/41 43/43/43 197/197/197
f 197/197/197 198/198/198 41/41/41
f 198/198/198 42/42/42 41/41/41
f 42/42/42 198/198/198 199/199/199
f 197/197/197 190/190/190 200/200/200
f 197/197/197 200/200/200 198/198/198
f 201/201/201 199/199/199 198/198/198
f 198/198/198 200/200/200 201/201/201
f 199/199/199 201/201/201 202/202/202
f 201/201/201 203/203/203 202/202/202
f 200/200/200 203/203/203 201/201/201
f 202/202/202 203/203/203 204/204/204
f 205/205/205 204/204/204 203/203/203
f 205/205/205 203/203/203 206/206/206
f 207/207/207 200/200/200 190/190/190
f 190/190/190 188/188/188 207/207/207
f 203/203/203 200/200/200 208/208/208
f 207/207/207 188/188/188 209/209/209
f 191/191/191 209/209/209 188/188/188
f 210/210/210 200/200/200 207/207/207
f 207/207/207 209/209/209 210/210/210
f 210/210/210 208/208/208 200/200/200
f 203/203/203 211/211/211 206/206/206
f 211/211/211 203/203/203 208/208/208
f 211/211/211 212/212/212 206/206/206
f 212/212/212 211/211/211 213/213/213
f 208/208/208 210/210/210 214/214/214
f 214/214/214 211/211/211 208/208/208
f 215/215/215 213/213/213 211/211/211
f 215/215/215 211/211/211 214/214/214
f 216/216/216 213/213/213 215/215/215
f 210/210/210 217/217/217 214/214/214
f 217/217/217 215/215/215 214/214/214
f 217/217/217 210/210/210 209/209/209
f 218/218/218 216/216/216 215/215/215
f 218/218/218 215/215/215 217/217/217
f 219/219/219 216/216/216 218/218/218
f 220/220/220 217/217/217 209/209/209
f 220/220/220 209/209/209 191/191/191
f 221/221/221 218/218/218 217/217/217
f 217/217/217 220/220/220 221/221/221
f 222/222/222 219/219/219 218/218/218
f 222/222/222 218/218/218 221/221/221
f 223/223/223 219/219/219 222/222/222
f 224/224/224 222/222/222 221/221/221
f 224/224/224 221/221/221 220/220/220
f 225/225/225 223/223/223 222/222/222
f 225/225/225 222/222/222 224/224/224
f 226/226/226 223/223/223 225/225/225
f 225/225/225 227/227/227 226/226/226
f 227/227/227 225/225/225 228/228/228
f 224/224/224 228/228/228 225/225/225
f 228/228/228 229/229/229 227/227/227
f 228/228/228 224/224/224 230/230/230
f 224/224/224 220/220/220 230/230/230
f 229/229/229 228/228/228 231/231/231
f 230/230/230 231/231/231 228/228/228
f 189/189/189 229/229/229 231/231/231
f 229/229/229 189/189/189 232/232/232
f 187/187/187 189/189/189 231/231/231
f 231/231/231 230/230/230 187/187/187
f 230/230/230 183/183/183 187/187/187
f 183/183/183 230/230/230 193/193/193
f 232/232/232 189/189/189 233/233/233
f 230/230/230 234/234/234 193/193/193
f 230/230/230 220/220/220 234/234/234
f 191/191/191 193/193/193 234/234/234
f 234/234/234 220/220/220 191/191/191
f 235/235/235 232/232/232 233/233/233
f 233/233/233 189/189/189 185/185/185
f 236/236/236 235/235/235 233/233/233
f 235/235/235 236/236/236 237/237/237
f 185/185/185 238/238/238 233/233/233
f 233/233/233 238/238/238 236/236/236
f 185/185/185 181/181/181 238/238/238
f 239/239/239 237/237/237 236/236/236
f 240/240/240 237/237/237 239/239/239
f 241/241/241 236/236/236 238/238/238
f 236/236/236 241/241/241 239/239/239
f 238/238/238 181/181/181 242/242/242
f 238/238/238 242/242/242 241/241/241
f 181/181/181 177/177/177 242/242/242
f 243/243/243 240/240/240 239/239/239
f 244/244/244 240/240/240 243/243/243
f 245/245/245 239/239/239 241/241/241
f 239/239/239 245/245/245 243/243/243
f 246/246/246 241/241/241 242/242/242
f 241/241/241 246/246/246 245/245/245
f 247/247/247 242/242/242 177/177/177
f 242/242/242 247/247/247 246/246/246
f 247/247/247 177/177/177 176/176/176
f 176/176/176 179/179/179 247/247/247
f 248/248/248 245/245/245 246/246/246
f 247/247/247 248/248/248 246/246/246
f 249/249/249 243/243/243 245/245/245
f 245/245/245 248/248/248 249/249/249
f 250/250/250 244/244/244 243/243/243
f 243/243/243 249/249/249 250/250/250
f 251/251/251 244/244/244 250/250/250
f 248/248/248 247/247/247 252/252/252
f 179/179/179 252/252/252 247/247/247
f 253/253/253 251/251/251 250/250/250
f 254/254/254 251/251/251 253/253/253
f 252/252/252 179/179/179 255/255/255
f 153/153/153 255/255/255 179/179/179
f 255/255/255 153/153/153 146/146/146
f 256/256/256 255/255/255 146/146/146
f 256/256/256 252/252/252 255/255/255
f 145/145/145 256/256/256 146/146/146
f 252/252/252 257/257/257 248/248/248
f 248/248/248 257/257/257 249/249/249
f 256/256/256 258/258/258 252/252/252
f 257/257/257 252/252/252 258/258/258
f 256/256/256 145/145/145 259/259/259
f 258/258/258 256/256/256 259/259/259
f 260/260/260 259/259/259 145/145/145
f 258/258/258 259/259/259 260/260/260
f 260/260/260 145/145/145 142/142/142
f 260/260/260 142/142/142 137/137/137
f 136/136/136 260/260/260 137/137/137
f 260/260/260 136/136/136 134/134/134
f 261/261/261 258/258/258 260/260/260
f 258/258/258 261/261/261 257/257/257
f 260/260/260 134/134/134 262/262/262
f 260/260/260 262/262/262 261/261/261
f 261/261/261 263/263/263 257/257/257
f 249/249/249 257/257/257 263/263/263
f 263/263/263 250/250/250 249/249/249
f 250/250/250 263/263/263 253/253/253
f 263/263/263 261/261/261 264/264/264
f 264/264/264 253/253/253 263/263/263
f 261/261/261 262/262/262 264/264/264
f 253/253/253 264/264/264 265/265/265
f 265/265/265 254/254/254 253/253/253
f 266/266/266 254/254/254 265/265/265
f 265/265/265 267/267/267 266/266/266
f 264/264/264 262/262/262 268/268/268
f 264/264/264 268/268/268 265/265/265
f 267/267/267 265/265/265 269/269/269
f 269/269/269 265/265/265 268/268/268
f 269/269/269 270/270/270 267/267/267
f 271/271/271 268/268/268 262/262/262
f 134/134/134 271/271/271 262/262/262
f 128/128/128 271/271/271 134/134/134
f 128/128/128 127/127/127 271/271/271
f 268/268/268 271/271/271 272/272/272
f 272/272/272 269/269/269 268/268/268
f 273/273/273 271/271/271 127/127/127
f 271/271/271 273/273/273 272/272/272
f 274/274/274 269/269/269 272/272/272
f 274/274/274 272/272/272 273/273/273
f 275/275/275 269/269/269 274/274/274
f 270/270/270 269/269/269 275/275/275
f 276/276/276 274/274/274 273/273/273
f 274/274/274 276/276/276 275/275/275
f 127/127/127 276/276/276 273/273/273
f 276/276/276 270/270/270 275/275/275
f 125/125/125 276/276/276 127/127/127
f 270/270/270 276/276/276 277/277/277
f 276/276/276 125/125/125 278/278/278
f 277/277/277 276/276/276 278/278/278
f 122/122/122 278/278/278 125/125/125
f 279/279/279 277/277/277 278/278/278
f 122/122/122 279/279/279 278/278/278
f 280/280/280 281/281/281 282/282/282
f 281/281/281 280/280/280 283/283/283
f 283/283/283 284/284/284 281/281/281
f 280/280/280 285/285/285 283/283/283
f 285/285/285 280/280/280 286/286/286
f 284/284/284 283/283/283 287/287/287
f 285/285/285 287/287/287 283/283/283
f 286/286/286 288/288/288 285/285/285
f 288/288/288 286/286/286 289/289/289
f 287/287/287 285/285/285 290/290/290
f 288/288/288 290/290/290 285/285/285
f 284/284/284 287/287/287 291/291/291
f 284/284/284 291/291/291 292/292/292
f 293/293/293 287/287/287 290/290/290
f 287/287/287 293/293/293 291/291/291
f 294/294/294 292/292/292 291/291/291
f 292/292/292 294/294/294 295/295/295
f 296/296/296 291/291/291 293/293/293
f 291/291/291 296/296/296 294/294/294
f 297/297/297 295/295/295 294/294/294
f 295/295/295 297/297/297 298/298/298
f 299/299/299 294/294/294 296/296/296
f 294/294/294 299/299/299 297/297/297
f 298/298/298 297/297/297 300/300/300
f 298/298/298 300/300/300 301/301/301
f 302/302/302 297/297/297 299/299/299
f 297/297/297 302/302/302 300/300/300
f 303/303/303 301/301/301 300/300/300
f 301/301/301 303/303/303 304/304/304
f 305/305/305 300/300/300 302/302/302
f 300/300/300 305/305/305 303/303/303
f 302/302/302 299/299/299 306/306/306
f 305/305/305 302/302/302 306/306/306
f 304/304/304 303/303/303 307/307/307
f 307/307/307 308/308/308 304/304/304
f 308/308/308 307/307/307 309/309/309
f 310/310/310 303/303/303 305/305/305
f 303/303/303 310/310/310 307/307/307
f 307/307/307 311/311/311 309/309/309
f 307/307/307 310/310/310 311/311/311
f 309/309/309 311/311/311 312/312/312
f 309/309/309 312/312/312 313/313/313
f 313/313/313 312/312/312 314/314/314
f 315/315/315 311/311/311 310/310/310
f 311/311/311 316/316/316 312/312/312
f 316/316/316 311/311/311 315/315/315
f 317/317/317 314/314/314 312/312/312
f 316/316/316 317/317/317 312/312/312
f 314/314/314 317/317/317 318/318/318
f 314/314/314 318/318/318 319/319/319
f 317/317/317 316/316/316 320/320/320
f 319/319/319 318/318/318 321/321/321
f 319/319/319 321/321/321 322/322/322
f 317/317/317 323/323/323 318/318/318
f 323/323/323 317/317/317 320/320/320
f 318/318/318 324/324/324 321/321/321
f 324/324/324 318/318/318 323/323/323
f 322/322/322 321/321/321 325/325/325
f 322/322/322 325/325/325 326/326/326
f 325/325/325 327/327/327 326/326/326
f 324/324/324 328/328/328 321/321/321
f 321/321/321 328/328/328 325/325/325
f 327/327/327 325/325/325 329/329/329
f 330/330/330 325/325/325 328/328/328
f 325/325/325 330/330/330 329/329/329
f 331/331/331 327/327/327 329/329/329
f 327/327/327 331/331/331 332/332/332
f 330/330/330 333/333/333 329/329/329
f 333/333/333 331/331/331 329/329/329
f 334/334/334 330/330/330 328/328/328
f 335/335/335 332/332/332 331/331/331
f 332/332/332 335/335/335 336/336/336
f 337/337/337 334/334/334 328/328/328
f 324/324/324 337/337/337 328/328/328
f 335/335/335 338/338/338 336/336/336
f 336/336/336 338/338/338 339/339/339
f 340/340/340 337/337/337 324/324/324
f 323/323/323 340/340/340 324/324/324
f 341/341/341 338/338/338 335/335/335
f 335/335/335 342/342/342 341/341/341
f 342/342/342 335/335/335 331/331/331
f 338/338/338 341/341/341 343/343/343
f 344/344/344 342/342/342 331/331/331
f 333/333/333 344/344/344 331/331/331
f 344/344/344 345/345/345 342/342/342
f 343/343/343 346/346/346 338/338/338
f 338/338/338 346/346/346 339/339/339
f 346/346/346 343/343/343 347/347/347
f 348/348/348 339/339/339 346/346/346
f 347/347/347 349/349/349 346/346/346
f 350/350/350 348/348/348 346/346/346
f 350/350/350 346/346/346 349/349/349
f 345/345/345 344/344/344 351/351/351
f 344/344/344 352/352/352 351/351/351
f 352/352/352 344/344/344 333/333/333
f 353/353/353 345/345/345 351/351/351
f 345/345/345 353/353/353 354/354/354
f 355/355/355 354/354/354 353/353/353
f 356/356/356 351/351/351 352/352/352
f 351/351/351 356/356/356 353/353/353
f 355/355/355 353/353/353 357/357/357
f 355/355/355 357/357/357 358/358/358
f 357/357/357 359/359/359 358/358/358
f 360/360/360 357/357/357 353/353/353
f 360/360/360 359/359/359 357/357/357
f 356/356/356 360/360/360 353/353/353
f 360/360/360 361/361/361 359/359/359
f 362/362/362 356/356/356 352/352/352
f 361/361/361 360/360/360 363/363/363
f 352/352/352 364/364/364 362/362/362
f 364/364/364 352/352/352 333/333/333
f 330/330/330 364/364/364 333/333/333
f 364/364/364 330/330/330 334/334/334
f 361/361/361 363/363/363 365/365/365
f 366/366/366 361/361/361 365/365/365
f 334/334/334 367/367/367 364/364/364
f 368/368/368 366/366/366 365/365/365
f 366/366/366 368/368/368 369/369/369
f 370/370/370 369/369/369 368/368/368
f 368/368/368 365/365/365 371/371/371
f 363/363/363 371/371/371 365/365/365
f 370/370/370 368/368/368 372/372/372
f 368/368/368 371/371/371 372/372/372
f 370/370/370 372/372/372 373/373/373
f 371/371/371 363/363/363 374/374/374
f 360/360/360 374/374/374 363/363/363
f 375/375/375 372/372/372 371/371/371
f 372/372/372 375/375/375 373/373/373
f 360/360/360 376/376/376 374/374/374
f 360/360/360 356/356/356 376/376/376
f 377/377/377 371/371/371 374/374/374
f 371/371/371 377/377/377 375/375/375
f 376/376/376 378/378/378 374/374/374
f 374/374/374 378/378/378 377/377/377
f 379/379/379 376/376/376 356/356/356
f 376/376/376 379/379/379 378/378/378
f 356/356/356 362/362/362 379/379/379
f 379/379/379 380/380/380 378/378/378
f 362/362/362 381/381/381 379/379/379
f 380/380/380 379/379/379 381/381/381
f 382/382/382 377/377/377 378/378/378
f 382/382/382 378/378/378 380/380/380
f 381/381/381 362/362/362 383/383/383
f 364/364/364 383/383/383 362/362/362
f 383/383/383 364/364/364 367/367/367
f 380/380/380 381/381/381 384/384/384
f 380/380/380 384/384/384 382/382/382
f 381/381/381 383/383/383 385/385/385
f 381/381/381 385/385/385 384/384/384
f 367/367/367 386/386/386 383/383/383
f 383/383/383 386/386/386 385/385/385
f 384/384/384 385/385/385 387/387/387
f 387/387/387 382/382/382 384/384/384
f 385/385/385 386/386/386 388/388/388
f 385/385/385 388/388/388 387/387/387
f 389/389/389 388/388/388 386/386/386
f 387/387/387 388/388/388 389/389/389
f 386/386/386 367/367/367 390/390/390
f 386/386/386 390/390/390 389/389/389
f 391/391/391 390/390/390 367/367/367
f 391/391/391 367/367/367 334/334/334
f 337/337/337 391/391/391 334/334/334
f 390/390/390 391/391/391 392/392/392
f 391/391/391 337/337/337 393/393/393
f 393/393/393 392/392/392 391/391/391
f 340/340/340 393/393/393 337/337/337
f 394/394/394 390/390/390 392/392/392
f 394/394/394 389/389/389 390/390/390
f 392/392/392 393/393/393 395/395/395
f 395/395/395 394/394/394 392/392/392
f 396/396/396 393/393/393 340/340/340
f 396/396/396 395/395/395 393/393/393
f 397/397/397 396/396/396 340/340/340
f 340/340/340 323/323/323 397/397/397
f 320/320/320 397/397/397 323/323/323
f 398/398/398 395/395/395 396/396/396
f 396/396/396 397/397/397 399/399/399
f 399/399/399 398/398/398 396/396/396
f 397/397/397 320/320/320 400/400/400
f 400/400/400 399/399/399 397/397/397
f 398/398/398 401/401/401 395/395/395
f 401/401/401 394/394/394 395/395/395
f 398/398/398 399/399/399 402/402/402
f 401/401/401 403/403/403 394/394/394
f 401/401/401 398/398/398 404/404/404
f 398/398/398 402/402/402 404/404/404
f 403/403/403 401/401/401 405/405/405
f 404/404/404 405/405/405 401/401/401
f 406/406/406 394/394/394 403/403/403
f 406/406/406 389/389/389 394/394/394
f 405/405/405 407/407/407 403/403/403
f 406/406/406 403/403/403 407/407/407
f 389/389/389 406/406/406 408/408/408
f 387/387/387 389/389/389 408/408/408
f 406/406/406 409/409/409 408/408/408
f 409/409/409 387/387/387 408/408/408
f 409/409/409 406/406/406 407/407/407
f 409/409/409 410/410/410 387/387/387
f 407/407/407 411/411/411 409/409/409
f 410/410/410 409/409/409 411/411/411
f 387/387/387 410/410/410 412/412/412
f 387/387/387 412/412/412 382/382/382
f 413/413/413 410/410/410 411/411/411
f 382/382/382 412/412/412 414/414/414
f 377/377/377 382/382/382 414/414/414
f 377/377/377 414/414/414 375/375/375
f 415/415/415 412/412/412 410/410/410
f 410/410/410 413/413/413 415/415/415
f 416/416/416 414/414/414 412/412/412
f 415/415/415 416/416/416 412/412/412
f 414/414/414 417/417/417 375/375/375
f 414/414/414 416/416/416 418/418/418
f 417/417/417 414/414/414 418/418/418
f 419/419/419 375/375/375 417/417/417
f 375/375/375 419/419/419 373/373/373
f 420/420/420 417/417/417 418/418/418
f 420/420/420 419/419/419 417/417/417
f 418/418/418 416/416/416 421/421/421
f 418/418/418 421/421/421 420/420/420
f 416/416/416 415/415/415 422/422/422
f 422/422/422 421/421/421 416/416/416
f 423/423/423 420/420/420 421/421/421
f 419/419/419 420/420/420 423/423/423
f 421/421/421 424/424/424 423/423/423
f 424/424/424 419/419/419 423/423/423
f 424/424/424 421/421/421 425/425/425
f 422/422/422 425/425/425 421/421/421
f 419/419/419 424/424/424 426/426/426
f 425/425/425 422/422/422 427/427/427
f 428/428/428 427/427/427 422/422/422
f 426/426/426 429/429/429 419/419/419
f 373/373/373 419/419/419 429/429/429
f 429/429/429 426/426/426 430/430/430
f 370/370/370 373/373/373 429/429/429
f 370/370/370 429/429/429 430/430/430
f 422/422/422 431/431/431 428/428/428
f 415/415/415 431/431/431 422/422/422
f 432/432/432 428/428/428 431/431/431
f 431/431/431 415/415/415 413/413/413
f 431/431/431 433/433/433 432/432/432
f 413/413/413 433/433/433 431/431/431
f 434/434/434 432/432/432 433/433/433
f 433/433/433 413/413/413 435/435/435
f 435/435/435 413/413/413 411/411/411
f 433/433/433 436/436/436 434/434/434
f 435/435/435 436/436/436 433/433/433
f 437/437/437 434/434/434 436/436/436
f 435/435/435 411/411/411 438/438/438
f 411/411/411 407/407/407 438/438/438
f 436/436/436 435/435/435 439/439/439
f 438/438/438 439/439/439 435/435/435
f 436/436/436 440/440/440 437/437/437
f 439/439/439 440/440/440 436/436/436
f 441/441/441 437/437/437 440/440/440
f 439/439/439 438/438/438 442/442/442
f 440/440/440 443/443/443 441/441/441
f 443/443/443 444/444/444 441/441/441
f 440/440/440 439/439/439 445/445/445
f 445/445/445 443/443/443 440/440/440
f 442/442/442 445/445/445 439/439/439
f 444/444/444 443/443/443 446/446/446
f 446/446/446 447/447/447 444/444/444
f 443/443/443 445/445/445 448/448/448
f 446/446/446 443/443/443 448/448/448
f 445/445/445 442/442/442 449/449/449
f 448/448/448 445/445/445 449/449/449
f 438/438/438 450/450/450 442/442/442
f 450/450/450 449/449/449 442/442/442
f 450/450/450 438/438/438 407/407/407
f 405/405/405 450/450/450 407/407/407
f 451/451/451 450/450/450 405/405/405
f 451/451/451 405/405/405 404/404/404
f 449/449/449 450/450/450 452/452/452
f 450/450/450 451/451/451 452/452/452
f 448/448/448 449/449/449 453/453/453
f 452/452/452 453/453/453 449/449/449
f 404/404/404 454/454/454 451/451/451
f 454/454/454 404/404/404 402/402/402
f 455/455/455 452/452/452 451/451/451
f 455/455/455 451/451/451 454/454/454
f 455/455/455 456/456/456 452/452/452
f 453/453/453 452/452/452 456/456/456
f 457/457/457 455/455/455 454/454/454
f 456/456/456 455/455/455 457/457/457
f 458/458/458 454/454/454 402/402/402
f 459/459/459 453/453/453 456/456/456
f 454/454/454 458/458/458 460/460/460
f 454/454/454 460/460/460 457/457/457
f 458/458/458 402/402/402 461/461/461
f 461/461/461 402/402/402 399/399/399
f 461/461/461 399/399/399 400/400/400
f 461/461/461 462/462/462 458/458/458
f 460/460/460 458/458/458 462/462/462
f 400/400/400 463/463/463 461/461/461
f 463/463/463 462/462/462 461/461/461
f 464/464/464 463/463/463 400/400/400
f 320/320/320 464/464/464 400/400/400
f 464/464/464 320/320/320 316/316/316
f 464/464/464 316/316/316 315/315/315
f 315/315/315 465/465/465 464/464/464
f 463/463/463 464/464/464 465/465/465
f 310/310/310 465/465/465 315/315/315
f 465/465/465 466/466/466 463/463/463
f 466/466/466 462/462/462 463/463/463
f 310/310/310 467/467/467 465/465/465
f 466/466/466 465/465/465 467/467/467
f 467/467/467 310/310/310 305/305/305
f 305/305/305 306/306/306 467/467/467
f 467/467/467 468/468/468 466/466/466
f 468/468/468 467/467/467 306/306/306
f 462/462/462 466/466/466 469/469/469
f 469/469/469 466/466/466 468/468/468
f 306/306/306 470/470/470 468/468/468
f 299/299/299 470/470/470 306/306/306
f 296/296/296 470/470/470 299/299/299
f 471/471/471 468/468/468 470/470/470
f 468/468/468 471/471/471 469/469/469
f 296/296/296 472/472/472 470/470/470
f 471/471/471 470/470/470 472/472/472
f 293/293/293 472/472/472 296/296/296
f 293/293/293 473/473/473 472/472/472
f 473/473/473 471/471/471 472/472/472
f 290/290/290 473/473/473 293/293/293
f 474/474/474 471/471/471 473/473/473
f 471/471/471 474/474/474 469/469/469
f 473/473/473 290/290/290 475/475/475
f 475/475/475 474/474/474 473/473/473
f 290/290/290 288/288/288 475/475/475
f 475/475/475 288/288/288 476/476/476
f 289/289/289 476/476/476 288/288/288
f 476/476/476 289/289/289 477/477/477
f 476/476/476 478/478/478 475/475/475
f 474/474/474 475/475/475 478/478/478
f 477/477/477 479/479/479 476/476/476
f 478/478/478 476/476/476 479/479/479
f 479/479/479 477/477/477 480/480/480
f 479/479/479 480/480/480 481/481/481
f 481/481/481 478/478/478 479/479/479
f 480/480/480 482/482/482 481/481/481
f 483/483/483 481/481/481 482/482/482
f 483/483/483 484/484/484 481/481/481
f 485/485/485 481/481/481 484/484/484
f 486/486/486 485/485/485 484/484/484
f 485/485/485 486/486/486 487/487/487
f 478/478/478 481/481/481 488/488/488
f 481/481/481 485/485/485 488/488/488
f 487/487/487 489/489/489 485/485/485
f 489/489/489 487/487/487 490/490/490
f 485/485/485 491/491/491 488/488/488
f 491/491/491 485/485/485 489/489/489
f 492/492/492 478/478/478 488/488/488
f 492/492/492 488/488/488 491/491/491
f 493/493/493 489/489/489 490/490/490
f 494/494/494 493/493/493 490/490/490
f 495/495/495 491/491/491 489/489/489
f 493/493/493 495/495/495 489/489/489
f 492/492/492 491/491/491 495/495/495
f 496/496/496 493/493/493 494/494/494
f 497/497/497 496/496/496 494/494/494
f 498/498/498 495/495/495 493/493/493
f 496/496/496 498/498/498 493/493/493
f 499/499/499 496/496/496 497/497/497
f 500/500/500 499/499/499 497/497/497
f 501/501/501 499/499/499 500/500/500
f 502/502/502 498/498/498 496/496/496
f 496/496/496 499/499/499 502/502/502
f 499/499/499 501/501/501 503/503/503
f 503/503/503 502/502/502 499/499/499
f 504/504/504 503/503/503 501/501/501
f 502/502/502 505/505/505 498/498/498
f 505/505/505 495/495/495 498/498/498
f 502/502/502 503/503/503 506/506/506
f 506/506/506 505/505/505 502/502/502
f 504/504/504 507/507/507 503/503/503
f 507/507/507 506/506/506 503/503/503
f 504/504/504 508/508/508 507/507/507
f 508/508/508 504/504/504 447/447/447
f 447/447/447 446/446/446 508/508/508
f 506/506/506 507/507/507 509/509/509
f 507/507/507 508/508/508 509/509/509
f 446/446/446 510/510/510 508/508/508
f 448/448/448 510/510/510 446/446/446
f 453/453/453 510/510/510 448/448/448
f 508/508/508 511/511/511 509/509/509
f 508/508/508 510/510/510 511/511/511
f 510/510/510 453/453/453 512/512/512
f 510/510/510 512/512/512 511/511/511
f 453/453/453 459/459/459 512/512/512
f 511/511/511 513/513/513 509/509/509
f 506/506/506 509/509/509 513/513/513
f 511/511/511 512/512/512 514/514/514
f 514/514/514 512/512/512 459/459/459
f 513/513/513 511/511/511 514/514/514
f 514/514/514 459/459/459 515/515/515
f 515/515/515 459/459/459 456/456/456
f 515/515/515 456/456/456 457/457/457
f 516/516/516 514/514/514 515/515/515
f 514/514/514 516/516/516 513/513/513
f 515/515/515 457/457/457 517/517/517
f 517/517/517 516/516/516 515/515/515
f 460/460/460 517/517/517 457/457/457
f 518/518/518 513/513/513 516/516/516
f 517/517/517 460/460/460 519/519/519
f 462/462/462 519/519/519 460/460/460
f 469/469/469 519/519/519 462/462/462
f 520/520/520 516/516/516 517/517/517
f 520/520/520 517/517/517 519/519/519
f 519/519/519 469/469/469 520/520/520
f 520/520/520 518/518/518 516/516/516
f 474/474/474 520/520/520 469/469/469
f 518/518/518 521/521/521 513/513/513
f 521/521/521 506/506/506 513/513/513
f 522/522/522 518/518/518 520/520/520
f 474/474/474 522/522/522 520/520/520
f 506/506/506 521/521/521 523/523/523
f 506/506/506 523/523/523 505/505/505
f 524/524/524 521/521/521 518/518/518
f 521/521/521 524/524/524 523/523/523
f 523/523/523 524/524/524 505/505/505
f 518/518/518 522/522/522 524/524/524
f 505/505/505 524/524/524 525/525/525
f 524/524/524 522/522/522 525/525/525
f 495/495/495 505/505/505 525/525/525
f 495/495/495 525/525/525 492/492/492
f 522/522/522 526/526/526 525/525/525
f 525/525/525 526/526/526 492/492/492
f 522/522/522 474/474/474 526/526/526
f 492/492/492 526/526/526 478/478/478
f 526/526/526 474/474/474 478/478/478
f 527/527/527 528/528/528 529/529/529
f 530/530/530 527/527/527 531/531/531
f 528/528/528 527/527/527 532/532/532
f 527/527/527 530/530/530 532/532/532
f 532/532/532 533/533/533 528/528/528
f 532/532/532 530/530/530 534/534/534
f 534/534/534 535/535/535 532/532/532
f 533/533/533 532/532/532 535/535/535
f 536/536/536 535/535/535 534/534/534
f 535/535/535 537/537/537 533/533/533
f 536/536/536 537/537/537 535/535/535
f 533/533/533 537/537/537 538/538/538
f 539/539/539 537/537/537 536/536/536
f 537/537/537 540/540/540 538/538/538
f 537/537/537 539/539/539 541/541/541
f 540/540/540 537/537/537 541/541/541
f 539/539/539 542/542/542 541/541/541
f 542/542/542 540/540/540 541/541/541
f 542/542/542 539/539/539 543/543/543
f 544/544/544 540/540/540 542/542/542
f 543/543/543 545/545/545 542/542/542
f 542/542/542 545/545/545 544/544/544
f 545/545/545 543/543/543 546/546/546
f 547/547/547 544/544/544 545/545/545
f 546/546/546 548/548/548 545/545/545
f 549/549/549 547/547/547 545/545/545
f 545/545/545 548/548/548 549/549/549
f 547/547/547 549/549/549 550/550/550
f 551/551/551 549/549/549 548/548/548
f 551/551/551 550/550/550 549/549/549
f 552/552/552 551/551/551 548/548/548
f 550/550/550 551/551/551 553/553/553
f 552/552/552 554/554/554 551/551/551
f 551/551/551 554/554/554 553/553/553
f 554/554/554 552/552/552 555/555/555
f 556/556/556 553/553/553 554/554/554
f 557/557/557 558/558/558 559/559/559
f 557/557/557 560/560/560 561/561/561
f 557/557/557 559/559/559 562/562/562
f 557/557/557 562/562/562 560/560/560
f 559/559/559 563/563/563 562/562/562
f 562/562/562 564/564/564 560/560/560
f 564/564/564 562/562/562 565/565/565
f 563/563/563 565/565/565 562/562/562
f 565/565/565 566/566/566 564/564/564
f 563/563/563 567/567/567 565/565/565
f 566/566/566 565/565/565 567/567/567
f 563/563/563 568/568/568 567/567/567
f 567/567/567 569/569/569 566/566/566
f 570/570/570 567/567/567 568/568/568
f 569/569/569 567/567/567 571/571/571
f 567/567/567 570/570/570 571/571/571
f 572/572/572 569/569/569 571/571/571
f 570/570/570 572/572/572 571/571/571
f 569/569/569 572/572/572 573/573/573
f 572/572/572 570/570/570 574/574/574
f 575/575/575 573/573/573 572/572/572
f 574/574/574 575/575/575 572/572/572
f 573/573/573 575/575/575 576/576/576
f 575/575/575 574/574/574 577/577/577
f 578/578/578 576/576/576 575/575/575
f 577/577/577 579/579/579 575/575/575
f 578/578/578 575/575/575 579/579/579
f 579/579/579 577/577/577 580/580/580
f 581/581/581 578/578/578 579/579/579
f 580/580/580 581/581/581 579/579/579
f 582/582/582 578/578/578 581/581/581
f 581/581/581 580/580/580 583/583/583
f 582/582/582 581/581/581 584/584/584
f 583/583/583 584/584/584 581/581/581
f 585/585/585 582/582/582 584/584/584
f 583/583/583 586/586/586 584/584/584
